id_localidad,nombre,id_municipio
1,ABENGIBRE,1
2,ALATOZ,2
3,ALBACETE,3
4,SANTA ANA,3
5,SALOBRAL (EL),3
6,ALCADOZO,4
7,ALCALA DEL JUCAR,5
8,JARDIN (EL),6
9,ALMANSA,7
10,ALPERA,8
11,BALAZOTE,9
12,BARRAX,10
13,BIENSERVIDA,11
14,BONETE,12
15,BONILLO (EL),13
16,CASAS DE JUAN NUÑEZ,14
17,CASAS DE VES,15
18,CASAS-IBAÑEZ,16
19,CAUDETE,17
20,CENIZATE,18
21,CHINCHILLA DE MONTE-ARAGO,19
22,POZO BUENO,19
23,VILLAR DE CHINCHILLA,19
24,ELCHE DE LA SIERRA,20
25,FUENTE-ALAMO,21
26,FUENTEALBILLA,22
27,GINETA (LA),23
28,GOLOSALVO,24
29,HELLIN,25
30,ISSO,25
31,HIGUERUELA,26
32,HOYA-GONZALO,27
33,LETUR,28
34,LEZUZA,29
35,MADRIGUERAS,30
36,MAHORA,31
37,MINAYA,32
38,MONTEALEGRE DEL CASTILLO,33
39,MOTILLEJA,34
40,MUNERA,35
41,NAVAS DE JORQUERA,36
42,NERPIO,37
43,ONTUR,38
44,OSSA DE MONTIEL,39
45,PEÑAS DE SAN PEDRO,40
46,PETROLA,41
47,POZO CAÑADA,42
48,POZOHONDO,43
49,NAVA DE ABAJO,43
50,POZO-LORENTE,44
51,POZUELO,45
52,RIOPAR,46
53,ROBLEDO,47
54,RODA (LA),48
55,SOCOVOS,49
56,TARAZONA DE LA MANCHA,50
57,TOBARRA,51
58,VALDEGANGA,52
59,VILLALGORDO DEL JUCAR,53
60,VILLAMALEA,54
61,VILLAPALACIOS,55
62,VILLARROBLEDO,56
63,YESTE,57
64,AGOST,58
65,ALBATERA,59
66,ALCALALI,60
67,ALCOY/ALCOI,61
68,ALFAS DEL PI (L'),62
69,ALGORFA,63
70,ALGUEÑA,64
71,ALICANTE/ALACANT,65
72,SANTA FAZ,65
73,BACAROT (EL),65
74,MORALET,65
75,ALMORADI,66
76,ALTEA,67
77,ALTEA LA VELLA,67
78,ASPE,68
79,BANYERES DE MARIOLA,69
80,BENEIXAMA,70
81,BENEJUZAR,71
82,BENIDORM,72
83,BENIJOFAR,73
84,BENISSA,74
85,BENITACHELL,75
86,BIAR,76
87,BIGASTRO,77
88,BUSOT,78
89,CALLOSA DE SEGURA,79
90,CALLOSA D'EN SARRIA,80
91,CALPE,81
92,CAMPELLO (EL),82
93,CAÑADA,83
94,CASTALLA,84
95,CATRAL,85
96,COCENTAINA,86
97,COX,87
98,CREVILLENT,88
99,DENIA,89
100,DOLORES,90
101,ELCHE/ELX,91
102,TORRELLANO,91
103,ALTET (EL),91
104,PERLETA (LA),91
105,ALGODA-MATOLA,91
106,HOYA (LA),91
107,ELDA,92
108,FINESTRAT,93
109,FORMENTERA DEL SEGURA,94
110,GATA DE GORGOS,95
111,GRANJA DE ROCAMORA,96
112,GUARDAMAR DEL SEGURA,97
113,HONDON DE LAS NIEVES,98
114,HONDON DE LOS FRAILES,99
115,IBI,100
116,JACARILLA,101
117,JALON,102
118,JÁVEA/XÀBIA,103
119,XIXONA,104
120,MONFORTE DEL CID,105
121,MONOVAR,106
122,MONTESINOS (LOS),107
123,MURO DEL ALCOY,108
124,MUTXAMEL,109
125,NOVELDA,110
126,NUCIA (LA),111
127,ONDARA,112
128,ONIL,113
129,ORBA,114
130,ORIHUELA,115
131,ARNEVA,115
132,SAN BARTOLOME,115
133,ORIHUELA - COSTA (NUCLEO),115
134,PEDREGUER,116
135,PEGO,117
136,PETRER,118
137,PILAR DE LA HORADADA,119
138,TORRE DE LA HORADADA,119
139,PINOSO,120
140,REDOVAN,121
141,ROJALES,122
142,SALINAS,123
143,SAN FULGENCIO,124
144,SAN ISIDRO,125
145,SAN MIGUEL DE SALINAS,126
146,SAN VICENTE DEL RASPEIG/SANT VICENT DEL RASPEIG,127
147,BOQUERES,127
148,SANT JOAN D'ALACANT,128
149,SANTA POLA,129
150,SAX,130
151,TEULADA,131
152,MORAIRA,131
153,TIBI,132
154,TORREVIEJA,133
155,VERGER (EL),134
156,VILLAJOYOSA / VILA JOIOSA (LA),135
157,ERMITA (LA),135
158,VILLENA,136
159,ABLA,137
160,ADRA,138
161,PUENTE DEL RIO,138
162,ALBOX,139
163,ALHAMA DE ALMERIA,140
164,ALMERIA,141
165,CAÑADA DE SAN URBANO (LA),141
166,ALQUIAN (EL),141
167,RUESCAS,141
168,RETAMAR,141
169,ANTAS,142
170,ARBOLEAS,143
171,BENAHADUX,144
172,BERJA,145
173,BALANEGRA,145
174,CANJAYAR,146
175,CANTORIA,147
176,HOJILLA (LA),147
177,CARBONERAS,148
178,CHIRIVEL,149
179,CUEVAS DEL ALMANZORA,150
180,PALOMARES,150
181,LOBOS (LOS),150
182,GUAZAMARA,150
183,DALIAS,151
184,EJIDO (EL),152
185,SANTA MARIA DEL AGUILA,152
186,NORIAS (LAS),152
187,SAN AGUSTIN,152
188,MATAGORDA,152
189,BALERMA,152
190,FIÑANA,153
191,CAÑADA DE LAS CRUCES (LA),154
192,ESTACION (LA),154
193,FINES,154
194,GADOR,155
195,GALLARDOS (LOS),156
196,GARRUCHA,157
197,GERGAL,158
198,HUERCAL DE ALMERIA,159
199,HUERCAL-OVERA,160
200,LAUJAR DE ANDARAX,161
201,LUBRIN,162
202,MACAEL,163
203,MARIA,164
204,MOJACAR,165
205,MOJONERA (LA),166
206,NACIMIENTO,167
207,NIJAR,168
208,SAN ISIDRO DE NIJAR,168
209,CAMPOHERMOSO,168
210,BARRANQUETE (EL),168
211,OLULA DEL RIO,169
212,ORIA,170
213,PULPI,171
214,SAN JUAN DE TERREROS,171
215,PURCHENA,172
216,RIOJA,173
217,ROQUETAS DE MAR,174
218,AGUADULCE,174
219,SANTA FE DE MONDUJAR,175
220,CLAVEROS (LOS),176
221,SORBAS,177
222,TABERNAS,178
223,TAHAL,179
224,TIJOLA,180
225,TURRE,181
226,TOPARES,182
227,VELEZ-RUBIO,183
228,VERA,184
229,VIATOR,185
230,JUAIDA (LA),185
231,GANGOSA (LA),186
232,PUEBLA DE VICAR,186
233,VICAR,186
234,ALFOQUIA (LA),187
235,ALEGRIA-DULANTZI,188
236,AMURRIO,189
237,LARRINBE,189
238,LEZAMA,189
239,MAEZTU/MAESTU,190
240,LUKO,191
241,ZURBANO,191
242,ARTZINIEGA,192
243,ARAIA,193
244,SANTA CRUZ CAMPEZO,194
245,ELBURGO/BURGELU,195
246,NANCLARES DE LA OCA,196
247,SALINILLAS DE BURADON,197
248,LAGUARDIA,198
249,PUENTELARRÁ/LARRAZUBI,199
250,LAUDIO/LLODIO,200
251,OYON-OION,201
252,POBES,202
253,IGAY,203
254,RIBABELLOSA,203
255,ALANGUA,204
256,SALVATIERRA O AGURAIN,204
257,DURRUMA/SAN ROMAN DE SAN,205
258,VITORIA-GASTEIZ,206
259,ABERASTURI,206
260,SUBIJANA DE ALAVA,206
261,ZUAZO DE VITORIA/ZUHATZU,206
262,ARANGUIZ,206
263,LOPIDANA,206
264,ALTUBE,207
265,MURGIA,207
266,POLA DE ALLANDE,208
267,MOREDA,209
268,CABORANA,209
269,AVILES,210
270,VILLALEGRE (AVILES),210
271,LLARANES,210
272,BELMONTE,211
273,BOAL,212
274,ARENAS (LAS),213
275,CANGAS DE ONIS,214
276,COVIELLA,214
277,CANGAS DEL NARCEA,215
278,TEBONGO,215
279,BARCA (LA),216
280,CARREÑO,216
281,PERLORA,216
282,TAM ON,216
283,PIEDRAS BLANCAS,217
284,CRUZ DE ILLAS (LA),217
285,SALINAS,217
286,FIGUERAS,218
287,BARRES,218
288,JARRIO,219
289,CARTAVIO,219
290,COLUNGA,220
291,CAMPOS (LOS),221
292,SAMA DE ABAJO,221
293,SILVOTA,221
294,TRASMONTE,221
295,CORVERA DE ASTURIAS,221
296,CUDILLERO,222
297,SAN COSME,222
298,NOVELLANA,222
299,PITO EL,222
300,CARIDAD (LA),223
301,VALDEPARES,223
302,GIJON,224
303,LLOREDA,224
304,GRANDA DE ABAJO,224
305,MAREO DE ABAJO,224
306,AGUDA,224
307,VERIÑA,224
308,NEMBRO,225
309,GRADO,226
310,GRANDAS DE SALIME,227
311,SAN ANTOLIN,228
312,LANGREO,229
313,VISO (EL),229
314,SAMA DE LANGREO,229
315,FELGUERA (LANGREO) LA,229
316,POLA DE LAVIANA,230
317,POLA DE LENA,231
318,POSADA,232
319,CORUÑO,232
320,ROBLEDO,232
321,PRUVIA,232
322,LLANERA,232
323,SILVOTA (LLANERA-POL. INDUSTRIAL),232
324,LLANES,233
325,POSADA,233
326,PIÑERES,233
327,SAN ROQUE DEL ACEBAL,233
328,MIERES,234
329,SANTULLANO,234
330,CORTINA,234
331,ARGAME,235
332,MUROS,236
333,NAVA,237
334,NAVIA,238
335,NOREÑA,239
336,OVIEDO,240
337,CERDEÑO,240
338,COLLOTO,240
339,CUYENCES,240
340,PANDO (EL),240
341,TRUBIA,240
342,ARRIONDAS,241
343,PANES,242
344,SEVARES,243
345,PILOÑA,243
346,PRAVIA,244
347,PROAZA,245
348,COLOMBRES,246
349,ANDINAS,246
350,RIBADESELLA,247
351,FERREROS,248
352,SALAS,249
353,CASAZORRINA,249
354,ESPINA (LA),249
355,CORNELLANA,249
356,SANTIAGO DE LA BARCA,249
357,SAN MARTIN DE OSCOS,250
358,SOTRONDIO,251
359,ENTREGO (EL),251
360,SAN ANDRES,252
361,CARBAYIN ALTO,253
362,BOBES,253
363,BERRON (EL),253
364,FERRERA,253
365,CARRERA (LA),253
366,POLA DE SIERO,253
367,GRANDA,253
368,MERES,253
369,LUGONES,253
370,VIELLA,253
371,MARCENADO,253
372,SIERO,253
373,CARCEDO (SOTO BARCO),254
374,RIBERAS (SOTO DEL BARCO),254
375,TAPIA DE CASARIEGO,255
376,CORTAFICIO,255
377,SAN MARTIN,256
378,TINEO,257
379,NAVELGAS,257
380,LUARCA,258
381,ALMUÑA,258
382,OTUR,258
383,BRIEVES,258
384,TREVIAS,258
385,MUÑAS,258
386,AYONES,258
387,VEGADEO,259
388,VILLAVICIOSA,260
389,VENTA LAS RANAS,260
390,ADANERO,261
391,ADRADA (LA),262
392,ALDEASECA,263
393,ARENAS DE SAN PEDRO,264
394,RAMACASTAÑAS,264
395,AREVALO,265
396,AVILA,266
397,BARCO DE AVILA (EL),267
398,BARRACO (EL),268
399,BLASCOSANCHO,269
400,BURGOHONDO,270
401,CANDELEDA,271
402,CEBREROS,272
403,COLILLA (LA),273
404,CHAHERRERO,274
405,ESPINOSA DE LOS CABALLEROS,275
406,FONTIVEROS,276
407,HERNANSANCHO,277
408,HOYO DE PINARES (EL),278
409,MADRIGAL ALTAS TORRES,279
410,MINGORRIA,280
411,MOMBELTRAN,281
412,MUÑANA,282
413,MUÑICO,283
414,MUÑOGRANDE,284
415,NAVA DE AREVALO,285
416,NAVALPERAL DE PINARES,286
417,NAVALUENGA,287
418,NAVARREDONDA DE GREDOS,288
419,NAVARREDONDILLA,289
420,NAVAS DEL MARQUES (LAS),290
421,ORBITA,291
422,PALACIOS DE GODA,292
423,PEDRO BERNARDO,293
424,PIEDRAHITA,294
425,SAN ESTEBAN DEL VALLE,295
426,SAN PEDRO DEL ARROYO,296
427,SANCHIDRIAN,297
428,SOLOSANCHO,298
429,SOTILLO DE LA ADRADA,299
430,TIEMBLO (EL),300
431,TORRE (LA),301
432,VELAYOS,302
433,VILLANUEVA DEL ACERAL,303
434,GUADALPERALES (LOS),304
435,ACEUCHAL,305
436,AHILLONES,306
437,ALANGE,307
438,ALBUERA (LA),308
439,ALBURQUERQUE,309
440,ALCONCHEL,310
441,ALMENDRAL,311
442,ALMENDRALEJO,312
443,ARROYO DE SAN SERVAN,313
444,AZUAGA,314
445,BADAJOZ,315
446,NOVELDA DEL GUADIANA,315
447,GUADIANA DEL CAUDILLO,315
448,VILLAFRANCO DEL GUADIANA,315
449,ALBALA,315
450,BARCARROTA,316
451,BERLANGA,317
452,BIENVENIDA,318
453,BURGUILLOS DEL CERRO,319
454,CABEZA DEL BUEY,320
455,CABEZA LA VACA,321
456,CALAMONTE,322
457,CALERA DE LEON,323
458,CALZADILLA DE LOS BARROS,324
459,CAMPANARIO,325
460,CAMPILLO DE LLERENA,326
461,CASAS DE DON PEDRO,327
462,CASTILBLANCO,328
463,CASTUERA,329
464,CODOSERA (LA),330
465,CORDOBILLA DE LACARA,331
466,CORONADA (LA),332
467,CORTE DE PELEAS,333
468,DON BENITO,334
469,VIVARES,334
470,TORVISCAL (EL),334
471,GARGALIGAS,334
472,ESPARRAGALEJO,335
473,FREGENAL DE LA SIERRA,336
474,FUENLABRADA DE LOS MONTES,337
475,FUENTE DE CANTOS,338
476,FUENTE DEL ARCO,339
477,FUENTE DEL MAESTRE,340
478,FUENTES DE LEON,341
479,GRANJA DE TORREHERMOSA,342
480,GUAREÑA,343
481,HERRERA DEL DUQUE,344
482,HIGUERA DE LA SERENA,345
483,HIGUERA DE VARGAS,346
484,HIGUERA LA REAL,347
485,HORNACHOS,348
486,JEREZ DE LOS CABALLEROS,349
487,VALUENGO,349
488,LLERENA,350
489,LOBON,351
490,MAGUILLA,352
491,MEDELLIN,353
492,MEDINA DE LAS TORRES,354
493,MERIDA,355
494,MONESTERIO,356
495,PALLARES,357
496,MONTERRUBIO DE LA SERENA,358
497,MONTIJO,359
498,NAVA DE SANTIAGO (LA),360
499,NAVALVILLAR DE PELA,361
500,OBANDO,361
501,OLIVA FRONTERA,362
502,OLIVENZA,363
503,ORELLANA LA VIEJA,364
504,PEÑALSORDO,365
505,PUEBLA DE ALCOCER,366
506,PUEBLA DE LA CALZADA,367
507,PUEBLA DE OBANDO,368
508,PUEBLA DE SANCHO PEREZ,369
509,PUEBLA DEL MAESTRE,370
510,PUEBLONUEVO DEL GUADIANA,371
511,QUINTANA DE LA SERENA,372
512,RIBERA DEL FRESNO,373
513,ROCA DE LA SIERRA (LA),374
514,SALVALEON,375
515,SAN PEDRO DE MERIDA,376
516,SAN VICENTE DE ALCANTARA,377
517,SANTA AMALIA,378
518,SANTA MARTA,379
519,SANTOS DE MAIMONA (LOS),380
520,SEGURA DE LEON,381
521,SIRUELA,382
522,SOLANA DE LOS BARROS,383
523,RETAMAL,383
524,TALARRUBIAS,384
525,TALAVERA LA REAL,385
526,TORRE DE MIGUEL SESMERO,386
527,TORREMEJIA,387
528,USAGRE,388
529,VALDECABALLEROS,389
530,VALDELACALZADA,390
531,VALENCIA DE LAS TORRES,391
532,VALENCIA MOMBUEY,392
533,VALENCIA DEL VENTOSO,393
534,VALLE DE LA SERENA,394
535,VALLE DE SANTA ANA,395
536,VALVERDE DE MERIDA,396
537,VILLAFRANCA DE LOS BARROS,397
538,VILLAGONZALO,398
539,VILLALBA DE LOS BARROS,399
540,VILLANUEVA DE LA SERENA,400
541,VALDIVIA,400
542,ZURBARAN,400
543,VILLANUEVA DEL FRESNO,401
544,PALAZUELO,402
545,PUEBLA DE ALCOLLARIN,402
546,VILLAR DEL REY,403
547,ZAFRA,404
548,ZALAMEA DE LA SERENA,405
549,ZARZA (LA),406
550,ALAIOR,407
551,ALARO,408
552,ALCUDIA,409
553,PORT D'ALCUDIA,409
554,PLATJA D'ALCUDIA,409
555,ALGAIDA,410
556,ANDRATX,411
557,PORT D'ANDRATX,411
558,ARTA,412
559,BINISSALEM,413
560,BUNYOLA,414
561,CALVIA,415
562,PALMANOVA,415
563,PORRASSA (SA),415
564,COSTA DE LA CALMA,415
565,SANTA PONÇA,415
566,CAMPANET,416
567,CAMPOS,417
568,CAPDEPERA,418
569,CIUTADELLA DE MENORCA,419
570,EIVISSA,420
571,ESCORCA,421
572,ESPORLES,422
573,FELANITX,423
574,PORTOCOLOM,423
575,FERRERIES,424
576,SANT FRANCESC FORMENTERA,425
577,INCA,426
578,LLOSETA,427
579,LLUCMAJOR,428
580,ARENAL (S'),428
581,PALMERES (LES),428
582,MAO,429
583,MANACOR,430
584,PORTO CRISTO,430
585,CABANETA (SA),431
586,MARRATXINET,431
587,MERCADAL (ES),432
588,MONTUIRI,433
589,MURO,434
590,PLATJA DE MURO,434
591,PALMA,435
592,CAN PASTILLA,435
593,PLATJA DE PALMA,435
594,SON SANT JOAN,435
595,CASA BLANCA (SA),435
596,ARANJASSA (S'),435
597,PETRA,436
598,POBLA (SA),437
599,POLLENÇA,438
600,PORRERES,439
601,SALINES (SES),440
602,COLONIA DE SANT JORDI,440
603,SANT ANTONI DE PORTMANY,441
604,SANT RAFEL,441
605,SANT JOAN,442
606,SANT JOAN DE LABRITJA,443
607,SANT JOSEP DE SA TALAIA,444
608,SANT LLORENÇ DES CARDASSAR,445
609,SON MORO,445
610,SANT LLUIS,446
611,SANTA EUGENIA,447
612,SANTA EULALIA,448
613,SANTA GERTRUDIS,448
614,CA'N PICAFORT,449
615,SANTA MARIA DEL CAMI,450
616,SANTANYI,451
617,CALA D'OR,451
618,SENCELLES,452
619,SINEU,453
620,SOLLER,454
621,SON SERVERA,455
622,VALLDEMOSSA,456
623,VILAFRANCA DE BONANY,457
624,ENTITAT EST D'ABRERA,458
625,ABRERA,458
626,ALELLA,459
627,AMETLLA DEL VALLES (L'),460
628,SERRAT DE L'OCATA,460
629,ARENYS DE MAR,461
630,ARENYS DE MUNT,462
631,ARGENTONA,463
632,ARTES,464
633,AVINYO,465
634,BADALONA,466
635,BADIA DEL VALLES,467
636,BALSARENY,468
637,BARBERA DEL VALLES,469
638,BARCELONA,470
639,BEGUES,471
640,BERGA,472
641,RIERAL DE BIGUES,473
642,BRUC (EL),474
643,CABRERA DE MAR,475
644,CABRILS,476
645,CALAF,477
646,CALDERS,478
647,CALDES DE MONTBUI,479
648,CALELLA,480
649,CALLDETENES,481
650,CANET DE MAR,482
651,CANOVELLES,483
652,CANYELLES,484
653,CARDEDEU,485
654,CARDONA,486
655,CASTELLAR DEL VALLES,487
656,AIRESOL,487
657,CASTELLBELL I EL VILAR,488
658,CASTELLBISBAL,489
659,AREA INDUSTRIAL DEL LLOBREGAT,489
660,POLIGON IND. SANT VICENÇ,489
661,CASTELLDEFELS,490
662,CASTELLET I LA GORNAL,491
663,CASTELLGALI,492
664,CASTELLTERÇOL,493
665,CENTELLES,494
666,CERCS,495
667,CERDANYOLA DEL VALLES,496
668,CERVELLO,497
669,COLLBATO,498
670,CORNELLA DE LLOBREGAT,499
671,CUBELLES,500
672,DOSRIUS,501
673,ESPARREGUERA,502
674,ESPLUGUES DE LLOBREGAT,503
675,FOGARS DE LA SELVA,504
676,BELLAVISTA,505
677,FRANQUESES DEL VALLES (LES),505
678,GARRIGA (LA),506
679,GAVA,507
680,GELIDA,508
681,GIRONELLA,509
682,GRANADA (LA),510
683,GRANOLLERS,511
684,GUALBA DE BAIX,512
685,GUARDIOLA DE BERGUEDA,513
686,GURB,514
687,HOSPITALET DE LLOBREGAT (L'),515
688,IGUALADA,516
689,JORBA,517
690,LLAGOSTA (LA),518
691,LLIÇA D'AMUNT,519
692,LLIÇA DE VALL,520
693,LLINARS DEL VALLES,521
694,MALGRAT DE MAR,522
695,MALLA,523
696,MANLLEU,524
697,MANRESA,525
698,MARTORELL,526
699,MASIES DE VOLTREGA (LES),527
700,MASNOU (EL),528
701,MASQUEFA,529
702,MATARO,530
703,MOIA,531
704,MOLINS DE REI,532
705,MOLLET DEL VALLES,533
706,MONISTROL DE MONTSERRAT,534
707,MONTCADA CENTRE,535
708,CAN CUIAS,535
709,MONTGAT,536
710,MONTMANEU,537
711,MONTMELO,538
712,MONTORNES CENTRE,539
713,MONTORNES NORD,539
714,MONTSENY,540
715,NAVARCLES,541
716,NAVAS,542
717,ODENA,543
718,SANT PERE MOLANTA,544
719,OLÈRDOLA,544
720,OLESA DE MONTSERRAT,545
721,OLOST,546
722,PACS DEL PENEDES,547
723,PALAFOLLS,548
724,SANT GENIS DE PALAFOLLS,548
725,PALAU-SOLITA I PLEGAMANS,549
726,POLIGON INDUSTRIAL RIERA DE CALDES,549
727,PALLEJA,550
728,PALMA DE CERVELLO,551
729,PAPIOL (EL),552
730,PARETS DEL VALLES,553
731,PIERA,554
732,PINEDA DE MAR,555
733,PLA DEL PENEDES (EL),556
734,POBLA DE CLARAMUNT (LA),557
735,POBLA DE LILLET (LA),558
736,POLINYA,559
737,PONT VILOMARA I ROCAFORT,560
738,PRAT DE LLOBREGAT (EL),561
739,PRATS DE LLUÇANES,562
740,PUIG DE PEDRA-SOT DEL PI,563
741,PREMIA DE MAR,564
742,PUIG-REIG,565
743,COLONIA VIDAL,565
744,RIPOLLET,566
745,ROCA DEL VALLES (LA),567
746,SANTA AGNES DE MALANYANES,567
747,RODA DE TER,568
748,RUBI,569
749,SABADELL,570
750,SALDES,571
751,SALLENT,572
752,CABRIANES,572
753,SANT ADRIA DE BESOS,573
754,SANT ANDREU DE LA BARCA,574
755,SANT ANDREU DE LLAVANERES,575
756,SANT ANTONI DE VILAMAJOR,576
757,SANT BOI DE LLOBREGAT,577
758,SANT CELONI,578
759,BATLLORIA (LA),578
760,SANT CUGAT DEL VALLES,579
761,SANT CUGAT SESGARRIGUES,580
762,SANT ESTEVE SESROVIRES,581
763,CA N'AMAT,581
764,SANT FELIU DE LLOBREGAT,582
765,SANT FOST CAMPSENTELLES,583
766,SANT FRUITOS DE BAGES,584
767,SANT ISCLE DE VALLALTA,585
768,SANT JOAN DE VILATORRADA,586
769,SANT MARTI DE TORRUELLA,586
770,SANT JOAN DESPI,587
771,SANT JUST DESVERN,588
772,URB. VINYA DEL POLLASTRE,589
773,SANT MARTI D'ALBARS,590
774,SANT MARTI SARROCA,591
775,SANT PERE DE RIBES,592
776,SANT PERE DE RIUDEBITLLES,593
777,SANT PERE DE TORELLO,594
778,SANT PERE SALLAVINERA,595
779,SANT POL DE MAR,596
780,SANT QUIRZE DEL VALLES,597
781,VALLES PARC,597
782,POBLE SEC,597
783,SANT QUIRZE SAFAJA,598
784,SANT SADURNI D'ANOIA,599
785,SANT SALVADOR GUARDIOLA,600
786,SANT VICENÇ DE CASTELLET,601
787,SANT VICENÇ DE MONTALT,602
788,SANT VICENÇ DE TORELLO,603
789,SANT VICENÇ DELS HORTS,604
790,SANTA COLOMA DE GRAMENET,605
791,SANTA EULALIA DE RONÇANA,606
792,SANTA MARGARIDA MONTBUI,607
793,MONJOS (ELS),608
794,SANTA MARIA DE MIRALLES,609
795,SANTA MARIA DE PALAUTORDERA,610
796,SANTA PERPETUA DE MOGODA,611
797,SANTIGA,611
798,SANTA SUSANNA,612
799,CAN TORRENT-ALTA MARESMA-CAN GELAT,612
800,SANTPEDOR,613
801,SENTMENAT,614
802,SANT MIQUEL DE BALENYA,615
803,SITGES,616
804,SUBIRATS,617
805,SURIA,618
806,TAGAMANENT,619
807,TEIA CENTRE,620
808,VICTOR FONT GUAL,620
809,TERRASSA,621
810,TONA,622
811,TORDERA,623
812,TORELLO,624
813,CA L'ANTON,625
814,TORRELLES DE LLOBREGAT,626
815,VACARISSES,627
816,POLIGON INDUSTRIAL CAN TORRELLA,627
817,VALLGORGUINA,628
818,LLEDONER (EL),629
819,VALLIRANA PARC,629
820,VALLROMANES,630
821,VIC,631
822,VILADECANS,632
823,VILADECAVALLS,633
824,CAN TRIAS INDUSTRIAL,633
825,VILAFRANCA DEL PENEDES,634
826,VILANOVA DEL VALLES,635
827,VILANOVA I LA GELTRU,636
828,VILASSAR DE DALT,637
829,VILASSAR DE MAR,638
830,ABADIÑO-ZELAIETA,639
831,ABANTO,640
832,ALONSOTEGI,641
833,AMOREBIETA,642
834,ARRIGORRIAGA,643
835,ELEJABEITIA,644
836,BASIGO,645
837,BALMASEDA,646
838,SAN VICENTE DE BARAKALDO,647
839,ARIZGOITI,648
840,BASAURI,648
841,BERANGO,649
842,BERMEO,650
843,BERRIZ-OLAKUETA,651
844,EITUA,651
845,BILBAO,652
846,ALDEKONA (SAN ISIDRO),653
847,DERIO,653
848,DURANGO,654
849,ELORRIO,655
850,ERANDIO-GOIKOA,656
851,ETXEBARRI,657
852,ERLECHES,658
853,ELEXALDE GALDAKAO,658
854,USANSOLO,658
855,GERNIKA-LUMO,659
856,ANDRA MARI,660
857,ALGORTA,660
858,ZUBIETE,661
859,URESARANTZE AUZOA,662
860,SODUPE,663
861,IGORRE,664
862,IURRETA,665
863,IZURZA,666
864,CARRANZA,667
865,LARRABETZU,668
866,LEIOA,669
867,LEKEITIO,670
868,LEMOA,671
869,ELOTXELERRI,672
870,MALLABIA,673
871,MARKINA-XEMEIN,674
872,MUNDAKA,675
873,MUNGIA,676
874,ATXURI,676
875,BILLELA,676
876,LARRAURI,676
877,USPARITXA,677
878,OROZKO,678
879,ORTUELLA,679
880,OTXANDIO,680
881,PLENTZIA,681
882,PORTUGALETE,682
883,SANTURTZI,683
884,BALPARDA,683
885,SESTAO,684
886,MOREAGA,685
887,SOPUERTA,686
888,UGAO-MIRABALLES,687
889,URDULIZ,688
890,ORDUÑA,689
891,VALLE DE TRAPAGA,690
892,TRAPAGARAN,690
893,ZALLA,691
894,ZAMUDIO,692
895,ALTZUAGA,693
896,EL PUERTO,694
897,AMEYUGO,695
898,ARANDA DE DUERO,696
899,ARCOS,697
900,BALBASES (LOS),698
901,BASCONCILLOS DEL TOZO,699
902,BELORADO,700
903,BERBERANA,701
904,BRIVIESCA,702
905,BUNIEL,703
906,BURGOS,704
907,VILLATORO,704
908,VILLAFRIA,704
909,VILLAYUDA O LA VENTILLA,704
910,CALERUEGA,705
911,CARCEDO DE BURGOS,706
912,CARDEÑAJIMENO,707
913,CASTRILLO DE LA VEGA,708
914,CASTROJERIZ,709
915,CILLERUELO DE ABAJO,710
916,ARMENTIA,711
917,TREVIÑO,711
918,ESPINOSA DE LOS MONTEROS,712
919,ESTEPAR,713
920,FONTIOSO,714
921,FRANDOVINEZ,715
922,FUENTECEN,716
923,FUENTESPINA,717
924,GUMIEL DE IZAN,718
925,HUERTA DEL REY,719
926,LERMA,720
927,MADRIGALEJO DEL MONTE,721
928,MEDINA DE POMAR,722
929,MELGAR DE FERNAMENTAL,723
930,BERCEDO,724
931,VILLASANTE,724
932,CERNEGULA,725
933,VALLEJO,726
934,MILAGROS,727
935,MIRANDA DE EBRO,728
936,OLMEDILLO DE ROA,729
937,OÑA,730
938,OQUILLAS,731
939,PALACIOS DE LA SIERRA,732
940,PARDILLA,733
941,PUEBLA DE ARGANZON (LA),734
942,QUINTANAPALLA,735
943,QUINTANAR DE LA SIERRA,736
944,VIVAR DEL CID,737
945,QUINTANILLAS (LAS),738
946,REVILLA (LA),739
947,ROA,740
948,RUBENA,741
949,SALAS DE LOS INFANTES,742
950,SANTA MARIA DEL CAMPO,743
951,SARRACIN,744
952,OLMILLOS DE SASAMON,745
953,SOTRESGUDO,746
954,TRESPADERNE,747
955,VADOCONDES,748
956,QUINCOCES DE YUSO,749
957,ENTRAMBASAGUAS,750
958,SANTA CRUZ DE MENA,750
959,SANTECILLA,750
960,ESCALADA,751
961,QUINTANA MARTIN GALINDEZ,752
962,CILLERUELO DE BEZANA,753
963,FUENCALIENTE DE LUCIO,754
964,VILLADIEGO,755
965,VILLAGONZALO PEDERNALES,756
966,VILLALBILLA DE BURGOS,757
967,VILLALMANZO,758
968,VILLANUEVA DE ARGAÑO,759
969,VILLANUEVA DE LAS CARRETAS,760
970,VILLARCAYO,761
971,VILLAZOPEQUE,762
972,AHIGAL,763
973,ALCANTARA,764
974,ALCUESCAR,765
975,ALDEA DEL CANO,766
976,ALDEANUEVA DEL CAMINO,767
977,ALISEDA,768
978,ALMARAZ,769
979,ALMOHARIN,770
980,ARROYO DE LA LUZ,771
981,ARROYOMOLINOS,772
982,ARROYOMOLINOS,2019
983,BAÑOS,773
984,BARRADO,774
985,BELVIS DE MONROY,775
986,BROZAS,776
987,CABEZUELA DEL VALLE,777
988,CACERES,778
989,VALDESALOR,778
990,CAMINOMORISCO,779
991,CAMPO LUGAR,780
992,PIZARRO,780
993,CAÑAVERAL,781
994,CASAR DE CACERES,782
995,CASAS DE DON GOMEZ,783
996,CASTAÑAR DE IBOR,784
997,CECLAVIN,785
998,CILLEROS,786
999,COLLADO,787
1000,CORIA,788
1001,CUACOS DE YUSTE,789
1002,DELEITOSA,790
1003,ESCURIAL,791
1004,GALISTEO,792
1005,ALAGON,792
1006,GARROVILLAS DE ALCONETAR,793
1007,GUADALUPE,794
1008,BATAN (EL),795
1009,GUIJO DE GRANADILLA,796
1010,JARAIZ DE LA VERA,797
1011,JARANDILLA DE LA VERA,798
1012,LOGROSAN,799
1013,LOSAR DE LA VERA,800
1014,MADRIGALEJO,801
1015,MADROÑERA,802
1016,MAJADAS,803
1017,MALPARTIDA DE CACERES,804
1018,MALPARTIDA DE PLASENCIA,805
1019,MIAJADAS,806
1020,MOHEDAS DE GRANADILLA,807
1021,MONTANCHEZ,808
1022,MONTEHERMOSO,809
1023,MORALEJA,810
1024,VEGAVIANA,810
1025,NAVALMORAL DE LA MATA,811
1026,VEGAS DE CORIA,812
1027,PALOMERO,813
1028,PASARON DE LA VERA,814
1029,PERALEDA DE LA MATA,815
1030,PERALES DEL PUERTO,816
1031,PINOFRANQUEADO,817
1032,PIORNAL,818
1033,PLASENCIA,819
1034,POZUELO DE ZARZON,820
1035,RIOLOBOS,821
1036,SANTA CRUZ DE LA SIERRA,822
1037,SANTIAGO DEL CAMPO,823
1038,TALAYUELA,824
1039,TIETAR,824
1040,TEJEDA DE TIETAR,825
1041,TORNO (EL),826
1042,TORRE DE SANTA MARIA,827
1043,TORRECILLAS DE LA TIESA,828
1044,TORREJON EL RUBIO,829
1045,TORREJONCILLO,830
1046,TORREORGAZ,831
1047,TRUJILLO,832
1048,VALDASTILLAS,833
1049,VALDEOBISPO,834
1050,VALENCIA DE ALCANTARA,835
1051,VALVERDE DEL FRESNO,836
1052,VILLANUEVA DE LA VERA,837
1053,VILLAR DE PLASENCIA,838
1054,VILLAR DEL PEDROSO,839
1055,ZARZA DE GRANADILLA,840
1056,ZARZA LA MAYOR,841
1057,ZORITA,842
1058,ALCALA DE LOS GAZULES,843
1059,ALCALA DEL VALLE,844
1060,ALGAR,845
1061,ALGECIRAS,846
1062,ALGODONALES,847
1063,ARCOS DE LA FRONTERA,848
1064,JEDULA,848
1065,BARBATE,849
1066,BARRIOS (LOS),850
1067,PALMONES,850
1068,BENALUP,851
1069,BORNOS,852
1070,BOSQUE (EL),853
1071,CADIZ,854
1072,ALMORAIMA,855
1073,CHICLANA DE LA FRONTERA,856
1074,CHIPIONA,857
1075,CONIL DE LA FRONTERA,858
1076,ESPERA,859
1077,GRAZALEMA,860
1078,JEREZ DE LA FRONTERA,861
1079,GUADALCACIN DEL CAUDILLO,861
1080,NUEVA JARILLA,861
1081,BARCA DE LA FLORIDA (LA),861
1082,TORNO (EL),861
1083,TORRECERA,861
1084,JOSE ANTONIO,861
1085,JIMENA DE LA FRONTERA,862
1086,ANGELES (LOS),862
1087,SAN PABLO DE BUCEITE,862
1088,LINEA LA CONCEPCION (LA),863
1089,MEDINA-SIDONIA,864
1090,OLVERA,865
1091,PATERNA DE RIVERA,866
1092,PRADO DEL REY,867
1093,PUERTO DE SANTA MARIA (EL),868
1094,ARENALES (LOS),868
1095,PUERTO REAL,869
1096,ROTA,870
1097,COSTA BALLENA,870
1098,ARSENAL DE LA CARRACA,871
1099,SAN FERNANDO,871
1100,SAN JOSE DEL VALLE,872
1101,SAN ROQUE,873
1102,CAMPAMENTO,873
1103,SAN ENRIQUE,873
1104,TORREGUADIARO,873
1105,SANLUCAR DE BARRAMEDA,874
1106,BONANZA,874
1107,ALGAIDA (LA),874
1108,SETENIL,875
1109,TARIFA,876
1110,BUJEO (EL),876
1111,TAHIVILLA,876
1112,TREBUJENA,877
1113,UBRIQUE,878
1114,VEJER DE LA FRONTERA,879
1115,PALMAR EL,879
1116,MUELA LA,879
1117,CAÑADA ANCHA,879
1118,VILLAMARTIN,880
1119,NOVALES,881
1120,AMPUERO,882
1121,ARENAS DE IGUÑA,883
1122,ARNUERO,884
1123,BOO,885
1124,GUARNIZO,885
1125,AMBROSERO,886
1126,CABEZON DE LA SAL,887
1127,CABROJO,887
1128,MALIAÑO,888
1129,MURIEDAS,888
1130,HERRERA,888
1131,REVILLA,888
1132,BOLMIR,889
1133,FOMBELLIDA,889
1134,CARTES,890
1135,SANTIAGO,890
1136,POMALUENGO,891
1137,CASTRO URDIALES,892
1138,ISLARES,892
1139,ONTON,892
1140,OJEDO,893
1141,COLINDRES,894
1142,COMILLAS,895
1143,CORRALES (LOS),896
1144,SOMAHOZ,896
1145,BARROS,896
1146,LOS CORRALES DE BUELNA,896
1147,SAN VICENTE DE TORANZO,897
1148,VILLEGAR,897
1149,HOZNAYO,898
1150,ESCALANTE,899
1151,BERANGA,900
1152,LAREDO,901
1153,LIENDO,902
1154,PAMANES,903
1155,PONTEJOS,904
1156,ELECHAS,904
1157,SOLARES,905
1158,HERAS,905
1159,SAN MAMES DE MERUELO,906
1160,SAN MIGUEL DE MERUELO,906
1161,GORNAZO,907
1162,CUDON,907
1163,SANTA OLALLA,908
1164,SOBARZO,909
1165,RENEDO,910
1166,PARBAYON,910
1167,ARCE,910
1168,REQUEJADA,911
1169,PUENTE VIESGO,912
1170,RAMALES DE LA VICTORIA,913
1171,REINOSA,914
1172,REOCIN,915
1173,PUENTE SAN MIGUEL,915
1174,CASTANEDO,916
1175,LOREDO,916
1176,ANERO,917
1177,PUENTENANSA,918
1178,RUENTE,919
1179,RUILOBUCA,920
1180,JAIN,921
1181,SAN VICENTE DE LA BARQUERA,922
1182,SOTO DE LA MARINA,923
1183,SANTA CRUZ DE BEZANA,923
1184,MOMPIA,923
1185,ARGOMILLA,924
1186,ENCINA (LA),924
1187,SANTANDER,925
1188,PEÑACASTILLO,925
1189,SAN ROMAN,925
1190,VIVEDA,926
1191,IRUZ,927
1192,SANTOÑA,928
1193,SOBA,929
1194,SOLORZANO,930
1195,SUANCES,931
1196,HINOJEDO,931
1197,TORRELAVEGA,932
1198,GANZO,932
1199,SIERRAPANDO,932
1200,TANOS,932
1201,BARREDA,932
1202,PESUES,933
1203,VALDALIGA,934
1204,POLIENTES,935
1205,CANDOLIAS,936
1206,VILLACARRIEDO,937
1207,LIAÑO,938
1208,CONCHA (LA),938
1209,VILLANUEVA,938
1210,VEGA,939
1211,SAN PANTALEON DE ARAS,940
1212,ALBOCASSER,941
1213,ALCALA DE XIVERT,942
1214,ALCOSSEBRE,942
1215,ALCORA,943
1216,ALMAZORA,944
1217,ALMENARA,945
1218,ALQUERIAS DEL NIÑO PERDIDO,946
1219,ALTURA,947
1220,ARTANA,948
1221,ATZENETA DEL MAESTRAT,949
1222,BARRACAS,950
1223,BEJIS,951
1224,BENASAL,952
1225,BENICARLO,953
1226,BENICASIM,954
1227,BENLLOCH,955
1228,BETXI,956
1229,BORRIOL,957
1230,BURRIANA,958
1231,CABANES,959
1232,RIBERA DE CABANES LA,959
1233,CASTELLON DE LA PLANA,960
1234,CHILCHES,961
1235,COVES DE VINROMA (LES),962
1236,FORCALL,963
1237,JANA (LA),964
1238,JERICA,965
1239,LLOSA (LA),966
1240,LUCENA DEL CID,967
1241,MONCOFA,968
1242,MORELLA,969
1243,NULES,970
1244,LOMAS (LAS),971
1245,ONDA,972
1246,PANTANO DEL SICHAR,972
1247,APEADERO DE BECHI,972
1248,OROPESA,973
1249,AMPLARIES (LES),973
1250,MARINA D'OR,973
1251,PEÑISCOLA,974
1252,POBLA TORNESA (LA),975
1253,RIBESALBES,976
1254,SAN RAFAEL DEL RIO,977
1255,SANT JOAN DE MORO,978
1256,SANT MATEU,979
1257,SANTA MAGDALENA DE PULPIS,980
1258,SEGORBE,981
1259,SIERRA-ENGARCERAN,982
1260,SONEJA,983
1261,SOT DE FERRER,984
1262,TORREBLANCA,985
1263,TRAIGUERA,986
1264,VALL D'ALBA,987
1265,VALL D'UIXO (LA),988
1266,VILAFAMES,989
1267,VILANOVA D'ALCOLEA,990
1268,VILLAFRANCA DEL CID,991
1269,VILLARREAL,992
1270,VILAVELLA (LA),993
1271,VINAROS,994
1272,VISTABELLA DEL MAESTRAZGO,995
1273,VIVER,996
1274,CEUTA,997
1275,ABENOJAR,998
1276,AGUDO,999
1277,ALBALADEJO,1000
1278,ALCAZAR DE SAN JUAN,1001
1279,ALAMEDA DE CERVERA,1001
1280,CINCO CASAS,1001
1281,ALCOLEA DE CALATRAVA,1002
1282,ALCUBILLAS,1003
1283,ALDEA DEL REY,1004
1284,ALMADEN,1005
1285,ALMAGRO,1006
1286,ALMEDINA,1007
1287,ALMODOVAR DEL CAMPO,1008
1288,ALMURADIEL,1009
1289,ARENALES DE SAN GREGORIO,1010
1290,ARENAS DE SAN JUAN,1011
1291,ARGAMASILLA DE ALBA,1012
1292,ARGAMASILLA DE CALATRAVA,1013
1293,BOLAÑOS DE CALATRAVA,1014
1294,BRAZATORTAS,1015
1295,CALZADA DE CALATRAVA,1016
1296,CAMPO DE CRIPTANA,1017
1297,CARRION DE CALATRAVA,1018
1298,CARRIZOSA,1019
1299,CASTELLAR DE SANTIAGO,1020
1300,CHILLON,1021
1301,CIUDAD REAL,1022
1302,CORRAL DE CALATRAVA,1023
1303,CORTIJOS DE ARRIBA,1024
1304,COZAR,1025
1305,DAIMIEL,1026
1306,FUENCALIENTE,1027
1307,FUENTE EL FRESNO,1028
1308,GRANATULA DE CALATRAVA,1029
1309,GUADALMEZ,1030
1310,HERENCIA,1031
1311,LABORES (LAS),1032
1312,LLANOS DEL CAUDILLO,1033
1313,LUCIANA,1034
1314,MALAGON,1035
1315,MANZANARES,1036
1316,MEMBRILLA,1037
1317,MIGUELTURRA,1038
1318,MONTIEL,1039
1319,MORAL DE CALATRAVA,1040
1320,PEDRO MUÑOZ,1041
1321,PIEDRABUENA,1042
1322,PORZUNA,1043
1323,POZUELO DE CALATRAVA,1044
1324,PUEBLA DE DON RODRIGO,1045
1325,PUEBLA DEL PRINCIPE,1046
1326,PUERTO LAPICE,1047
1327,PUERTOLLANO,1048
1328,RETUERTA DEL BULLAQUE,1049
1329,ROBLEDO (EL),1050
1330,RUIDERA,1051
1331,SACERUELA,1052
1332,SAN CARLOS DEL VALLE,1053
1333,SANTA CRUZ DE LOS CAÑAMOS,1054
1334,SANTA CRUZ DE MUDELA,1055
1335,SOCUELLAMOS,1056
1336,SOLANA (LA),1057
1337,TERRINCHES,1058
1338,TOMELLOSO,1059
1339,TORRALBA DE CALATRAVA,1060
1340,TORRE DE JUAN ABAD,1061
1341,TORRENUEVA,1062
1342,VALDEPEÑAS,1063
1343,CONSOLACION,1063
1344,VILLAHERMOSA,1064
1345,VILLAMANRIQUE,1065
1346,VILLAMAYOR DE CALATRAVA,1066
1347,VILLANUEVA DE LA FUENTE,1067
1348,VILLANUEVA LOS INFANTES,1068
1349,VILLANUEVA DE SAN CARLOS,1069
1350,VILLARRUBIA DE LOS OJOS,1070
1351,VILLARTA DE SAN JUAN,1071
1352,VISO DEL MARQUES,1072
1353,ADAMUZ,1073
1354,AGUILAR DE LA FRONTERA,1074
1355,ALCARACEJOS,1075
1356,ALMEDINILLA,1076
1357,ALMODOVAR DEL RIO,1077
1358,AÑORA,1078
1359,BAENA,1079
1360,ALBENDIN,1079
1361,BELALCAZAR,1080
1362,BELMEZ,1081
1363,BENAMEJI,1082
1364,BLAZQUEZ (LOS),1083
1365,BUJALANCE,1084
1366,CABRA,1085
1367,CAÑETE DE LAS TORRES,1086
1368,CARCABUEY,1087
1369,CARDEÑA,1088
1370,CARLOTA (LA),1089
1371,ARRECIFE (EL),1089
1372,QUINTANA,1089
1373,CARPIO (EL),1090
1374,CASTRO DEL RIO,1091
1375,CORDOBA,1092
1376,ALCOLEA,1092
1377,QUEMADAS (LAS),1092
1378,VILLARRUBIA,1092
1379,SANTA CRUZ,1092
1380,MAJANEQUE,1092
1381,DOÑA MENCIA,1093
1382,ENCINAS REALES,1094
1383,ESPEJO,1095
1384,FERNAN NUÑEZ,1096
1385,FUENTE OBEJUNA,1097
1386,FUENTE PALMERA,1098
1387,FUENTE-TOJAR,1099
1388,HINOJOSA DEL DUQUE,1100
1389,HORNACHUELOS,1101
1390,IZNAJAR,1102
1391,VALENZUELA Y LLANADAS,1102
1392,LUCENA,1103
1393,ANJARON,1103
1394,LUQUE,1104
1395,MONTALBAN DE CORDOBA,1105
1396,MONTEMAYOR,1106
1397,MONTILLA,1107
1398,MONTORO,1108
1399,MONTURQUE,1109
1400,MORILES,1110
1401,NUEVA CARTEYA,1111
1402,OBEJO,1112
1403,PALENCIANA,1113
1404,PALMA DEL RIO,1114
1405,PEDRO ABAD,1115
1406,PEDROCHE,1116
1407,PEÑARROYA-PUEBLONUEVO,1117
1408,POSADAS,1118
1409,POZOBLANCO,1119
1410,PRIEGO DE CORDOBA,1120
1411,ZAMORANOS,1120
1412,LAGUNILLAS (LAS),1120
1413,CONCEPCION (LA),1120
1414,CASTIL DE CAMPOS,1120
1415,PUENTE GENIL,1121
1416,RAMBLA (LA),1122
1417,RUTE,1123
1418,LLANOS DE DON JUAN,1123
1419,SAN SEBASTIAN DE LOS BALLESTEROS,1124
1420,SANTAELLA,1125
1421,MONTIELA (LA),1125
1422,GUIJARROSA (LA),1125
1423,TORRECAMPO,1126
1424,VICTORIA (LA),1127
1425,VILLA DEL RIO,1128
1426,VILLAFRANCA DE CORDOBA,1129
1427,VILLAHARTA,1130
1428,VILLANUEVA DE CORDOBA,1131
1429,VILLANUEVA DEL DUQUE,1132
1430,VILLANUEVA DEL REY,1133
1431,VILLAVICIOSA DE CORDOBA,1134
1432,VISO (EL),1135
1433,ABEGONDO,1136
1434,PONTE MACEIRA (A),1137
1435,LAPIDO,1137
1436,AMES,1137
1437,ARTEIXO,1138
1438,SABON,1138
1439,VILARRODIS,1138
1440,LARIN,1138
1441,MEICENDE,1138
1442,GRELA (A),1138
1443,ARZUA,1139
1444,DOMBODAN,1139
1445,MOLDES,1140
1446,BAÑA (A),1140
1447,BERGONDIÑO,1141
1448,BETANZOS,1142
1449,BETANZOS-O-VELLO,1142
1450,GUILIADE,1142
1451,VIUXE,1142
1452,CORREDOIRAS,1143
1453,BOIRO,1144
1454,PESQUEIRA,1144
1455,BERMO,1144
1456,SERGUDE,1145
1457,ANXELES (OS) SANTA MARIA-BRION),1146
1458,CABANA,1147
1459,LARAXE,1148
1460,PONTE DO PORTO,1149
1461,CAMBRE,1150
1462,TELVA (A),1150
1463,TEMPLE (O),1150
1464,CECEBRE (SAN SALVADOR),1150
1465,NEVES (AS),1151
1466,CARBALLO,1152
1467,RUS-CARBALLO,1152
1468,CARIÑO,1153
1469,MACEIRAS,1154
1470,CARRAL,1155
1471,CEDEIRA,1156
1472,TRABE,1156
1473,CEE,1157
1474,XALLAS,1157
1475,CERCEDA,1158
1476,TABLILLA,1158
1477,FELGOSAS,1159
1478,COIROS DE ARRIBA,1160
1479,CORISTANCO,1161
1480,CORUÑA (A),1162
1481,PALAVEA,1162
1482,MESOIRO,1162
1483,BENS,1162
1484,GRELA (LA),1162
1485,POLIGONO DE POCOMACO,1162
1486,POLIGONO INDUSTRIAL LA GRELA-BENS,1162
1487,ALVEDRO,1163
1488,BURGO (O),1163
1489,ACEA DE AMA,1163
1490,FONTECULLER,1163
1491,CULLEREDO,1163
1492,LEDOÑO,1163
1493,TEIJEIRO,1164
1494,CURTIS,1164
1495,DODRIÑO,1165
1496,CAMPO DE BERDEOGAS,1166
1497,FENE,1167
1498,FERROL,1168
1499,CABANA (A),1168
1500,CATABOIS,1168
1501,PONTE CARREIRA,1169
1502,PAZO DE IRIXOA (O),1170
1503,PAYOSACO,1171
1504,CORGO,1171
1505,LARACHA,1171
1506,TORAS,1171
1507,LAXE,1172
1508,MALPICA,1173
1509,PINO VAL (MAZARICOS),1174
1510,SAN CIPRIANO,1174
1511,MELIDE,1175
1512,ALTO,1175
1513,MIÑO,1176
1514,SAN RAMON,1177
1515,MUGARDOS,1178
1516,MUROS,1179
1517,MUXIA,1180
1518,GANDARA,1181
1519,CAMPO DAS RATAS,1181
1520,CADAVAL,1181
1521,GANDARA DE ABAJO,1181
1522,NARON,1181
1523,XUBIA,1181
1524,O'VAL-NARÓN,1181
1525,NEDA,1182
1526,MOURELA ALTA,1182
1527,NEGREIRA,1183
1528,NOIA,1184
1529,ABRUÑEIRAS,1184
1530,ALBARISA,1184
1531,OLEIROS,1185
1532,CAMPAMENTO (O),1185
1533,VILANOVA,1185
1534,PERILLO,1185
1535,ORDES,1186
1536,MESON DO VENTO,1186
1537,AMEIXEIRA,1186
1538,OROSO PEQUENO,1187
1539,ORTIGUEIRA,1188
1540,OUTES,1189
1541,OZA,1190
1542,TERCIO,1191
1543,PADRON,1192
1544,IRIA FLAVIA,1192
1545,ESCLAVITUD,1192
1546,PAZO,1193
1547,ARCA (SANTA EULALIA),1193
1548,POBRA DO CARAMIÑAL,1194
1549,PONTECESO,1195
1550,PONTEDEUME,1196
1551,CAMPO LONGO,1196
1552,PONTES DE GARCIA RODRIGUEZ (AS) (SANTA MARIA),1197
1553,GOENTE,1197
1554,PORTO DO SON,1198
1555,RIANXO,1199
1556,TE,1199
1557,SANTA UXIA DE RIBEIRA,1200
1558,MARTELO,1201
1559,SADA,1202
1560,TARABELO,1202
1561,OSEDO,1202
1562,MARQUES DE SAN SADURNIÑO AVENIDA DO,1203
1563,BIDUEDA,1203
1564,SANTA COMBA,1204
1565,SANTIAGO DE COMPOSTELA,1205
1566,ROXOS,1205
1567,SANTO IGNACIO DO MONTE,1205
1568,BALSOMA,1205
1569,EIXO DE ABAIXO (O),1205
1570,ROCHA VELLA (A),1205
1571,POLVEIRA (A),1205
1572,BRINS,1205
1573,SOBRADO,1206
1574,CASALONGA,1207
1575,RAMALLOSA,1207
1576,TEO,1207
1577,AGRO DO MESTRE,1208
1578,BREA (A),1208
1579,BEMBIBRE,1209
1580,PORTOMOURO,1209
1581,PARAMOS,1209
1582,VALDOVIÑO,1210
1583,PONTE ULLA,1211
1584,SESMONDE,1212
1585,ZANFOGA,1212
1586,VIMIANZO,1213
1587,ZAS,1214
1588,BAIO GRANDE,1214
1589,ALBERCA DE ZANCARA (LA),1215
1590,ALCAZAR DEL REY,1216
1591,ALIAGUILLA,1217
1592,ALMARCHA (LA),1218
1593,ALMODOVAR DEL PINAR,1219
1594,ALMONACID DEL MARQUESADO,1220
1595,ATALAYA DEL CAÑAVATE,1221
1596,BARAJAS DE MELO,1222
1597,BELINCHON,1223
1598,BELMONTE,1224
1599,BETETA,1225
1600,BUENACHE DE ALARCON,1226
1601,CAMPILLO DE ALTOBUEY,1227
1602,CARRASCOSA DEL CAMPO,1228
1603,LORANCA DEL CAMPO,1228
1604,VALPARAISO DE ABAJO,1228
1605,CAÑAVERAS,1229
1606,CAÑAVERUELAS,1230
1607,CAÑETE,1231
1608,CARBONERAS DE GUADAZAON,1232
1609,CARDENETE,1233
1610,CASAS DE BENITEZ,1234
1611,CASAS DE FERNANDO ALONSO,1235
1612,CASAS DE HARO,1236
1613,CASAS DE LOS PINOS,1237
1614,CASASIMARRO,1238
1615,CASTILLEJO DE INIESTA,1239
1616,CASTILLO DE GARCIMUÑOZ,1240
1617,CERVERA DEL LLANO,1241
1618,CHILLARON DE CUENCA,1242
1619,CUENCA,1243
1620,MELGOSA (LA),1243
1621,FUENTE DE PEDRO NAHARRO,1244
1622,GRAJA DE INIESTA,1245
1623,HERRUMBLAR (EL),1246
1624,HINOJOSA (LA),1247
1625,HINOJOSOS (LOS),1248
1626,HITO (EL),1249
1627,HONRUBIA,1250
1628,HORCAJO DE SANTIAGO,1251
1629,HUETE,1252
1630,INIESTA,1253
1631,LANDETE,1254
1632,LEDAÑA,1255
1633,MESAS (LAS),1256
1634,MINGLANILLA,1257
1635,MIRA,1258
1636,MONTALBANEJO,1259
1637,MONTALBO,1260
1638,MOTA DEL CUERVO,1261
1639,MOTILLA DEL PALANCAR,1262
1640,PALOMARES DEL CAMPO,1263
1641,PEDERNOSO (EL),1264
1642,PEDROÑERAS (LAS),1265
1643,PERAL (EL),1266
1644,POZOAMARGO,1267
1645,POZOSECO,1268
1646,PRIEGO,1269
1647,PROVENCIO (EL),1270
1648,PUEBLA DE ALMENARA,1271
1649,QUINTANAR DEL REY,1272
1650,SAELICES,1273
1651,SALVACAÑETE,1274
1652,SAN CLEMENTE,1275
1653,SAN LORENZO DE LA PARRILLA,1276
1654,SANTA CRUZ DE MOYA,1277
1655,SANTA MARIA DE LOS LLANOS,1278
1656,SANTA MARIA DEL CAMPO RUS,1279
1657,SISANTE,1280
1658,TALAYUELAS,1281
1659,TARANCON,1282
1660,TEBAR,1283
1661,TORREJONCILLO DEL REY,1284
1662,TORRUBIA DEL CAMPO,1285
1663,TRAGACETE,1286
1664,TRESJUNCOS,1287
1665,UCLES,1288
1666,VALDEOLIVAS,1289
1667,VALERA DE ABAJO,1290
1668,VILLACONEJOS DE TRABAQUE,1291
1669,VILLAESCUSA DE HARO,1292
1670,VILLAGARCIA DEL LLANO,1293
1671,VILLALBA DEL REY,1294
1672,VILLALPARDO,1295
1673,VILLAMAYOR DE SANTIAGO,1296
1674,VILLANUEVA DE LA JARA,1297
1675,VILLAR DE CAÑAS,1298
1676,VILLAREJO DE FUENTES,1299
1677,VILLAREJO-PERIESTEBAN,1300
1678,VILLARES DEL SAZ,1301
1679,VILLARRUBIO,1302
1680,VILLARTA,1303
1681,VILLAVERDE Y PASACONSOL,1304
1682,ZAFRA DE ZANCARA,1305
1683,AIA,1306
1684,ARRUTIEGIA,1306
1685,ANDOAIN,1307
1686,LEIZOTZ,1307
1687,ANOETA,1308
1688,ARRASATE/MONDRAGON,1309
1689,ASTIGARRAGA,1310
1690,SAN MARTIN,1311
1691,AZKOITIA,1312
1692,AZPEITIA,1313
1693,BEASAIN,1314
1694,BERGARA,1315
1695,BASALGO,1315
1696,DEBA,1316
1697,ITZIAR,1316
1698,DONOSTIA-SAN SEBASTIAN,1317
1699,ZUBIETA,1317
1700,EIBAR,1318
1701,ELGOIBAR,1319
1702,ERRENTERIA,1320
1703,RENTERIA,1320
1704,APOTZAGA,1321
1705,ESKORIATZA,1321
1706,HERNANI,1322
1707,HONDARRIBIA,1323
1708,IDIAZABAL,1324
1709,IRUN,1325
1710,BIDASOA,1325
1711,IRURA,1326
1712,ITSASONDO,1327
1713,LASARTE,1328
1714,LAZKAO,1329
1715,LEGAZPI,1330
1716,LEGORRETA,1331
1717,LEZO,1332
1718,MUTRIKU,1333
1719,ARRAGUA,1334
1720,ALTZIBAR Y KARRIKA,1334
1721,OIARTZUN,1334
1722,OLABERRIA,1335
1723,OÑATI,1336
1724,ORDIZIA,1337
1725,PASAI SAN PEDRO,1338
1726,TOLOSA,1339
1727,URNIETA,1340
1728,URRETXU,1341
1729,USURBIL,1342
1730,AGINAGA,1342
1731,VILLABONA,1343
1732,AMASA,1343
1733,ZARAUTZ,1344
1734,ZESTOA,1345
1735,ARROA-BEKOA,1345
1736,ZUMAIA,1346
1737,ZUMARRAGA,1347
1738,AIGUAVIVA,1348
1739,AMER,1349
1740,ANGLES,1350
1741,ARBUCIES,1351
1742,AVINYONET DE PUIGVENTOS,1352
1743,BANYOLES,1353
1744,BASCARA,1354
1745,BEGUR,1355
1746,BELLCAIRE D'EMPORDA,1356
1747,BESALU,1357
1748,BESCANO,1358
1749,BISBAL D'EMPORDA(LA),1359
1750,BIURE,1360
1751,BLANES,1361
1752,BORRASSA,1362
1753,BRUNYOLA,1363
1754,CABANELLES,1364
1755,CADAQUES,1365
1756,CALDES DE MALAVELLA,1366
1757,CALONGE,1367
1758,CAMPELLES,1368
1759,CAMPRODON,1369
1760,CAPMANY,1370
1761,CASSA DE LA SELVA,1371
1762,CASTELLO D'EMPURIES,1372
1763,CASTELL D'ARO,1373
1764,PLATJA D'ARO,1373
1765,CELLERA DE TER (LA),1374
1766,CELRA,1375
1767,CERVIA DE TER,1376
1768,CORÇA,1377
1769,ESCALA (L'),1378
1770,EL FAR D'EMPORDA,1379
1771,FIGUERES,1380
1772,VILATENIM,1380
1773,FONTANILLES,1381
1774,VULPELLAC,1382
1775,FORNELLS DE LA SELVA,1383
1776,FORTIA,1384
1777,GARRIGAS,1385
1778,GIRONA,1386
1779,HOSTALRIC,1387
1780,LA JONQUERA,1388
1781,JUIA,1389
1782,LLAGOSTERA,1390
1783,LLANÇA,1391
1784,HOSTALETS,1392
1785,LLERS,1392
1786,LLIVIA,1393
1787,LLORET DE MAR,1394
1788,MAÇANET DE CABRENYS,1395
1789,MAÇANET DE LA SELVA,1396
1790,MONT-RAS,1397
1791,OLOT,1398
1792,PALAFRUGELL,1399
1793,PALAMOS,1400
1794,PALOL DE REVARDIT,1401
1795,PAU,1402
1796,PEDRET,1403
1797,PERA (LA),1404
1798,LES PLANES D'HOSTOLES,1405
1799,PONT DE MOLINS,1406
1800,PORQUERES,1407
1801,PORT DE LA SELVA (EL),1408
1802,PORTBOU,1409
1803,PRESES (LES),1410
1804,PUIGCERDA,1411
1805,QUART,1412
1806,REGENCOS,1413
1807,RIPOLL,1414
1808,RIUDARENES,1415
1809,RIUDELLOTS DE LA SELVA,1416
1810,ROSES,1417
1811,CANYELLES-ALMADRAVA-PUIG-ROM,1417
1812,SALT,1418
1813,SANT FELIU DE BUIXALLEU,1419
1814,SANT FELIU DE GUIXOLS,1420
1815,SANT GREGORI,1421
1816,SANT HILARI SACALM,1422
1817,BARRI HOSTAL NOU,1423
1818,ST JOAN DE LES ABADESSES,1424
1819,S. JORDI DESVALLS,1425
1820,SANT PERE PESCADOR,1426
1821,SANTA COLOMA DE FARNERS,1427
1822,SANTA CRISTINA D'ARO,1428
1823,SANTA LLOGAIA D'ALGUEMA,1429
1824,SARRIA DE TER,1430
1825,SAUS,1431
1826,SERINYA,1432
1827,SERRA DE DARO,1433
1828,SILS,1434
1829,TORROELLA DE MONTGRI,1435
1830,TOSSA,1436
1831,ULLA,1437
1832,VALL DE BIANYA LA,1438
1833,BAS,1439
1834,VERGES,1440
1835,VIDRERES,1441
1836,PALAUBORRELL,1442
1837,VILADAMAT,1442
1838,VILAMALLA,1443
1839,POLIGON EMPORDA INTERNACIONAL,1443
1840,VILOBI D'ONYAR,1444
1841,ALBOLOTE,1445
1842,ALBUÑAN,1446
1843,ALBUÑOL,1447
1844,RABITA (LA),1447
1845,POZUELO (EL),1447
1846,ALFACAR,1448
1847,ALGARINEJO,1449
1848,ALHAMA DE GRANADA,1450
1849,VENTAS DE ZAFARRAYA,1450
1850,ALHENDIN,1451
1851,ALMUÑECAR,1452
1852,ARMILLA,1453
1853,ATARFE,1454
1854,BAZA,1455
1855,BAUL,1455
1856,BENALUA DE LAS VILLAS,1456
1857,BENAMAUREL,1457
1858,CADIAR,1458
1859,CALAHORRA (LA),1459
1860,CALICASAS,1460
1861,CAMPOTEJAR,1461
1862,CANILES,1462
1863,CASTILLEJAR,1463
1864,CASTRIL,1464
1865,CENES DE LA VEGA,1465
1866,CHAUCHINA,1466
1867,CHURRIANA DE LA VEGA,1467
1868,CIJUELA,1468
1869,COGOLLOS VEGA,1469
1870,COLOMERA,1470
1871,CUEVAS DEL CAMPO,1471
1872,CULLAR,1472
1873,CULLAR VEGA,1473
1874,DARRO,1474
1875,DEIFONTES,1475
1876,DIEZMA,1476
1877,DOLAR,1477
1878,DURCAL,1478
1879,FREILA,1479
1880,FUENTE VAQUEROS,1480
1881,GABIA GRANDE,1481
1882,GALERA,1482
1883,GOR,1483
1884,GRANADA,1484
1885,GUADAHORTUNA,1485
1886,GUADIX,1486
1887,CASTELL DE FERRO,1487
1888,GUEJAR-SIERRA,1488
1889,GUEVEJAR,1489
1890,HUENEJA,1490
1891,BARRIO NUEVO,1491
1892,HUESCAR,1491
1893,HUETOR-SANTILLAN,1492
1894,HUETOR-TAJAR,1493
1895,VENTA NUEVA,1493
1896,HUETOR-VEGA,1494
1897,ILLORA,1495
1898,ALOMARTES,1495
1899,IZNALLOZ,1496
1900,DOMINGO PEREZ,1496
1901,JAYENA,1497
1902,JETE,1498
1903,JUN,1499
1904,LACHAR,1500
1905,LANJARON,1501
1906,TALARA,1502
1907,LOJA,1503
1908,VENTORROS DE SAN JOSE,1503
1909,MARACENA,1504
1910,PUERTO LOPE,1505
1911,MOLVIZAR,1506
1912,MONACHIL,1507
1913,MONTEFRIO,1508
1914,MONTEJICAR,1509
1915,MONTILLANA,1510
1916,MORALEDA DE ZAFAYONA,1511
1917,MOREDA,1512
1918,MOTRIL,1513
1919,CARCHUNA,1513
1920,PUNTALON,1513
1921,LAROLES,1514
1922,NIGUELAS,1515
1923,OGIJARES,1516
1924,ORCE,1517
1925,ORGIVA,1518
1926,OTURA,1519
1927,PADUL,1520
1928,PAMPANEIRA,1521
1929,PELIGROS,1522
1930,MONTELUZ,1522
1931,PEZA (LA),1523
1932,PIÑAR,1524
1933,PINOS-PUENTE,1525
1934,CASANUEVA,1525
1935,VALDERRUBIO,1525
1936,PORTUGOS,1526
1937,PUEBLA DE DON FADRIQUE,1527
1938,ALMACILES,1527
1939,PULIANAS,1528
1940,PURULLENA,1529
1941,SALAR,1530
1942,SALOBREÑA,1531
1943,SANTA FE,1532
1944,UGIJAR,1533
1945,PURCHIL,1534
1946,VELEZ DE BENAUDALLA,1535
1947,VENTAS DE HUELMA,1536
1948,CONCHAR,1537
1949,VILLANUEVA DE LAS TORRES,1538
1950,VILLANUEVA MESIA,1539
1951,ZAFARRAYA,1540
1952,ZAGRA,1541
1953,ZUBIA (LA),1542
1954,BARRICHUELO (EL),1542
1955,ZUJAR,1543
1956,ALCOLEA DEL PINAR,1544
1957,ALGORA,1545
1958,ALMADRONES,1546
1959,ALMOGUERA,1547
1960,ALMONACID DE ZORITA,1548
1961,ALOVERA,1549
1962,ATIENZA,1550
1963,AZUQUECA DE HENARES,1551
1964,BERNINCHES,1552
1965,BRIHUEGA,1553
1966,CABANILLAS DEL CAMPO,1554
1967,CAMPILLO DE DUEÑAS,1555
1968,CASAR (EL),1556
1969,COTO (EL),1556
1970,CLAVIN (EL),1557
1971,CIFUENTES,1558
1972,CONDEMIOS DE ARRIBA,1559
1973,CUBILLO DE UCEDA (EL),1560
1974,ESPINOSA DE HENARES,1561
1975,FONTANAR,1562
1976,GUADALAJARA,1563
1977,TARACENA,1563
1978,HUMANES,1564
1979,JADRAQUE,1565
1980,LEDANCA,1566
1981,MARANCHON,1567
1982,MARCHAMALO,1568
1983,MIRABUENO,1569
1984,MOLINA,1570
1985,MONDEJAR,1571
1986,PASTRANA,1572
1987,PIOZ,1573
1988,POZO DE GUADALAJARA,1574
1989,QUER,1575
1990,SACEDON,1576
1991,SAUCA,1577
1992,SIGUENZA,1578
1993,TORIJA,1579
1994,TORREJON DEL REY,1580
1995,TORREMOCHA DEL CAMPO,1581
1996,TRIJUEQUE,1582
1997,VILLANUEVA DE LA TORRE,1583
1998,VIÑUELAS,1584
1999,YEBRA,1585
2000,YUNQUERA DE HENARES,1586
2001,ALJARAQUE,1587
2002,ALMONASTER LA REAL,1588
2003,ALMONTE,1589
2004,TORRE DE LA HIGUERA O MATALASCAÑAS,1589
2005,ALOSNO,1590
2006,THARSIS,1590
2007,ARACENA,1591
2008,AROCHE,1592
2009,AYAMONTE,1593
2010,BEAS,1594
2011,BERROCAL,1595
2012,BOLLULLOS PAR DEL CONDADO,1596
2013,BONARES,1597
2014,CALA,1598
2015,CAMPILLO (EL),1599
2016,CARTAYA,1600
2017,CERRO DE ANDEVALO (EL),1601
2018,CHUCENA,1602
2019,CORTEGANA,1603
2020,ENCINASOLA,1604
2021,ESCACENA DEL CAMPO,1605
2022,GIBRALEON,1606
2023,GRANADO (EL),1607
2024,HIGUERA DE LA SIERRA,1608
2025,HUELVA,1609
2026,ISLA-CRISTINA,1610
2027,REDONDELA (LA),1610
2028,LEPE,1611
2029,TERRON(EL),1611
2030,LUCENA DEL PUERTO,1612
2031,MANZANILLA,1613
2032,MINAS DE RIOTINTO,1614
2033,MOGUER,1615
2034,MAZAGON,1615
2035,NAVA (LA),1616
2036,NERVA,1617
2037,NIEBLA,1618
2038,PALMA DEL CONDADO (LA),1619
2039,PALOS DE LA FRONTERA,1620
2040,PATERNA DEL CAMPO,1621
2041,PAYMOGO,1622
2042,PUEBLA DE GUZMAN,1623
2043,PUNTA UMBRIA,1624
2044,ROCIANA DEL CONDADO,1625
2045,ROSAL DE LA FRONTERA,1626
2046,SAN BARTOLOME DE LA TORRE,1627
2047,SAN JUAN DEL PUERTO,1628
2048,SANTA BARBARA DE CASA,1629
2049,SANTA OLALLA DEL CALA,1630
2050,TRIGUEROS,1631
2051,VALVERDE DEL CAMINO,1632
2052,VILLABLANCA,1633
2053,VILLALBA DEL ALCOR,1634
2054,VILLANUEVA CASTILLEJOS,1635
2055,VILLARRASA,1636
2056,ZALAMEA LA REAL,1637
2057,AINSA,1638
2058,ALBALATE DE CINCA,1639
2059,ALBERO BAJO,1640
2060,ALCAMPELL,1641
2061,ALCOLEA DE CINCA,1642
2062,ALCUBIERRE,1643
2063,ALMUDEVAR,1644
2064,ALQUEZAR,1645
2065,ALTORRICON,1646
2066,AREN,1647
2067,AYERBE,1648
2068,BALLOBAR,1649
2069,BARBASTRO,1650
2070,BENABARRE,1651
2071,BIELSA,1652
2072,BIESCAS,1653
2073,BINACED,1654
2074,BINEFAR,1655
2075,BOLTAÑA,1656
2076,BROTO,1657
2077,CAMPO,1658
2078,CANDASNOS,1659
2079,CANFRANC-ESTACION,1660
2080,CAPELLA,1661
2081,CASTEJON DE SOS,1662
2082,CASTEJON DEL PUENTE,1663
2083,ESPLUS,1664
2084,ESTADILLA,1665
2085,ESTOPIÑAN,1666
2086,FONZ,1667
2087,FRAGA,1668
2088,GRADO (EL),1669
2089,GRAÑEN,1670
2090,MONTESUSIN,1670
2091,GRAUS,1671
2092,VENTAS DE SANTA LUCIA (LAS),1671
2093,GURREA DE GALLEGO,1672
2094,HUERTO,1673
2095,HUESCA,1674
2096,SERRADUY,1675
2097,JACA,1676
2098,LABUERDA,1677
2099,LALUEZA,1678
2100,LANAJA,1679
2101,LOPORZANO,1680
2102,MONZON,1681
2103,ARASCUES,1682
2104,ONTIÑENA,1683
2105,OSSO DE CINCA,1684
2106,PEÑALBA,1685
2107,PERALTA DE ALCOFEA,1686
2108,PERALTILLA,1687
2109,SANTA ENGRACIA DE JACA,1688
2110,SABIÑANIGO,1689
2111,HOSTAL DE IPIES,1689
2112,FORMIGAL,1690
2113,TRAMACASTILLA DE TENA,1690
2114,ESTICHE DE CINCA,1691
2115,POMAR DE CINCA,1691
2116,SANTALECINA,1691
2117,SARIÑENA,1692
2118,SECASTILLA,1693
2119,SENA,1694
2120,SIETAMO,1695
2121,ESQUEDAS,1696
2122,TAMARITE DE LITERA,1697
2123,SALINAS,1698
2124,TORRENTE DE CINCA,1699
2125,TORRES DE BARBUES,1700
2126,VALFONDA DE SANTA ANA,1700
2127,HECHO,1701
2128,VILLANOVA,1702
2129,VILLANUA,1703
2130,VILLANUEVA DE SIGENA,1704
2131,ZAIDIN,1705
2132,ALBANCHEZ DE MAGINA,1706
2133,ALCALA LA REAL,1707
2134,RABITA (LA),1707
2135,ERMITA NUEVA,1707
2136,ALCAUDETE,1708
2137,BOBADILLA,1708
2138,NOGUERONES,1708
2139,ANDUJAR,1709
2140,ARJONA,1710
2141,ARJONILLA,1711
2142,ARQUILLOS,1712
2143,ARROYO DEL OJANCO,1713
2144,BAEZA,1714
2145,BAILEN,1715
2146,BAÑOS DE LA ENCINA,1716
2147,BEAS DE SEGURA,1717
2148,BEDMAR,1718
2149,BEGIJAR,1719
2150,BELMEZ DE LA MORALEDA,1720
2151,CABRA DEL SANTO CRISTO,1721
2152,CAMBIL,1722
2153,CAMPILLO DE ARENAS,1723
2154,CARBONEROS,1724
2155,CARCHELEJO,1725
2156,CARCHEL,1725
2157,CAROLINA (LA),1726
2158,CASTELLAR,1727
2159,CASTILLO DE LOCUBIN,1728
2160,CAZORLA,1729
2161,CHICLANA DE SEGURA,1730
2162,CHILLUEVAR,1731
2163,FRAILES,1732
2164,FUERTE DEL REY,1733
2165,GUARDIA DE JAEN (LA),1734
2166,GUARROMAN,1735
2167,HUELMA,1736
2168,HUESA,1737
2169,IBROS,1738
2170,IRUELA (LA),1739
2171,IZNATORAF,1740
2172,JABALQUINTO,1741
2173,JAEN,1742
2174,JAMILENA,1743
2175,JIMENA,1744
2176,JODAR,1745
2177,LAHIGUERA,1746
2178,LINARES,1747
2179,LOPERA,1748
2180,MANCHA REAL,1749
2181,MARMOLEJO,1750
2182,MARTOS,1751
2183,MONTE LOPE-ALVAREZ,1751
2184,MENGIBAR,1752
2185,ALDEAHERMOSA,1753
2186,VENTA DE LOS SANTOS,1753
2187,NAVAS DE SAN JUAN,1754
2188,NOALEJO,1755
2189,ORCERA,1756
2190,PEAL DE BECERRO,1757
2191,PEGALAJAR,1758
2192,PORCUNA,1759
2193,POZO ALCON,1760
2194,PUENTE DE GENAVE,1761
2195,PUERTA DE SEGURA (LA),1762
2196,QUESADA,1763
2197,RUS,1764
2198,SABIOTE,1765
2199,SANTA ELENA,1766
2200,SANTIAGO DE LA ESPADA,1767
2201,SANTISTEBAN DEL PUERTO,1768
2202,SANTO TOME,1769
2203,CORTIJOS NUEVOS,1770
2204,SILES,1771
2205,SORIHUELA DEL GUADALIMAR,1772
2206,TORREDELCAMPO,1773
2207,TORREBLASCOPEDRO,1774
2208,TORREDONJIMENO,1775
2209,TORREPEROGIL,1776
2210,TORRES,1777
2211,TORRES DE ALBANCHEZ,1778
2212,UBEDA,1779
2213,VALDEPEÑAS DE JAEN,1780
2214,VILCHES,1781
2215,VILLACARRILLO,1782
2216,MOGON,1782
2217,VILLANUEVA DE LA REINA,1783
2218,VILLANUEVA DEL ARZOBISPO,1784
2219,VILLARES (LOS),1785
2220,VILLARGORDO,1786
2221,GRAJAL DE RIBERA,1787
2222,ARDON,1788
2223,ASTORGA,1789
2224,BAÑEZA (LA),1790
2225,BEMBIBRE,1791
2226,SAN ROMAN DE BEMBIBRE,1791
2227,BOÑAR,1792
2228,COMBARROS,1793
2229,BURGO RANERO (EL),1794
2230,CABREROS DEL RIO,1795
2231,CACABELOS,1796
2232,CAMPO DE VILLAVIDEL,1797
2233,CAMPONARAYA,1798
2234,VILLANUEVA DE CARRIZO,1799
2235,CARROCERA,1800
2236,CASTROCALBON,1801
2237,NOGAREJAS,1802
2238,CHOZAS DE ARRIBA,1803
2239,CISTIERNA,1804
2240,VIDANES,1804
2241,ALMAZCARA,1805
2242,SAHECHORES DE RUEDA,1806
2243,CUBILLOS DEL SIL,1807
2244,FABERO,1808
2245,FRESNO DE LA VEGA,1809
2246,HOSPITAL DE ORBIGO,1810
2247,PUENTE DE ORBIGO,1810
2248,LAGUNA DE NEGRILLOS,1811
2249,LEON,1812
2250,ARMUNIA,1812
2251,MANSILLA DE LAS MULAS,1813
2252,MANSILLA MAYOR,1814
2253,ONZONILLA,1815
2254,VILORIA DE LA JURISDICCION,1815
2255,PARAMO DEL SIL,1816
2256,POLA DE GORDON (LA),1817
2257,PONFERRADA,1818
2258,PUEBLA DE LILLO,1819
2259,PUENTE DE DOMINGO FLOREZ,1820
2260,RIAÑO,1821
2261,RIEGO DE LA VEGA,1822
2262,OTERICO,1823
2263,RIOSECO DE TAPIA,1824
2264,ROBLA (LA),1825
2265,VALCABADO DEL PARAMO,1826
2266,SAHAGUN,1827
2267,SAN ANDRES DEL RABANEDO,1828
2268,TROBAJO DEL CAMINO,1828
2269,SAN CRISTOBAL DE LA POLANTERA,1829
2270,SAN EMILIANO,1830
2271,MATALLANA DE VALMADRIGAL,1831
2272,SANTIBAÑEZ DE LA ISLA,1832
2273,SANTA MARIA DEL PARAMO,1833
2274,SANTOVENIA DE LA VALDONCINA,1834
2275,SARIEGOS DEL BERNESGA,1835
2276,CALDAS DE LUNA,1836
2277,TORAL DE LOS GUZMANES,1837
2278,TORENO,1838
2279,TRABADELO,1839
2280,GAVILANES,1840
2281,ARMELLADA,1840
2282,MANSILLA DEL PARAMO,1841
2283,VALDELAFUENTE,1842
2284,ALDEA DEL PUENTE (LA),1843
2285,VALDERAS,1844
2286,PUENTE ALMUHEY,1845
2287,FONTECHA,1846
2288,VALENCIA DE DON JUAN,1847
2289,VALVERDE DE LA VIRGEN,1848
2290,VEGA DE ESPINAREDA,1849
2291,PORTELA DE VALCARCE (LA),1850
2292,VILLABLINO,1851
2293,VILLAGER DE LACIANA,1851
2294,VILLADANGOS DEL PARAMO,1852
2295,TORAL DE LOS VADOS,1853
2296,BRAÑUELAS,1854
2297,MANZANAL DEL PUERTO,1854
2298,VILLAMAÑAN,1855
2299,VILLAMANIN DE LA TERCIA,1856
2300,VILLAMEJIL,1857
2301,PALANQUINOS,1858
2302,VILLAQUEJIDA,1859
2303,VILLAQUILAMBRE,1860
2304,VILLAOBISPO DE LAS REGUERAS,1860
2305,NAVATEJERA,1860
2306,ESTEBANEZ DE LA CALZADA,1861
2307,VEGUELLINA DE ORBIGO,1861
2308,TOLDANOS,1862
2309,CASTRILLO DE LA RIBERA,1862
2310,AGER,1863
2311,AGRAMUNT,1864
2312,ALBATARREC,1865
2313,ALBESA,1866
2314,ALCARRAS,1867
2315,ALCOLETGE,1868
2316,ALFARRAS,1869
2317,ALFES,1870
2318,ALGERRI,1871
2319,ALGUAIRE,1872
2320,ALMACELLES,1873
2321,ALMENAR,1874
2322,ALPICAT,1875
2323,ANGLESOLA,1876
2324,ARBECA,1877
2325,ARTESA DE LLEIDA,1878
2326,ARTESA DE SEGRE,1879
2327,ASPA,1880
2328,BALAGUER,1881
2329,BASSELLA,1882
2330,BAUSEN,1883
2331,BELLCAIRE D'URGELL,1884
2332,BELL-LLOC D'URGELL,1885
2333,BELLPUIG,1886
2334,SEANA,1886
2335,BELLVER DE CERDANYA,1887
2336,BELLVIS,1888
2337,BENAVENT DE SEGRIA,1889
2338,BORGES BLANQUES (LES),1890
2339,CAMARASA,1891
2340,CASTELLDANS,1892
2341,CERVERA,1893
2342,COLL DE NARGO,1894
2343,CORBINS,1895
2344,CUBELLS,1896
2345,ESPOT,1897
2346,ESTERRI D'ANEU,1898
2347,FONDARELLA,1899
2348,FULIOLA (LA),1900
2349,GIMENELLS,1901
2350,GOLMES,1902
2351,FONOLLERES,1903
2352,GUISSONA,1904
2353,IVARS D'URGELL,1905
2354,JUNCOSA,1906
2355,JUNEDA,1907
2356,LES,1908
2357,LINYOLA,1909
2358,LLARDECANS,1910
2359,LLEIDA,1911
2360,BASSES D'ALPICAT (LES),1911
2361,SUCHS,1911
2362,LLES DE CERDANYA,1912
2363,MAIALS,1913
2364,MIRALCAMP,1914
2365,MOLLERUSSA,1915
2366,MONTFERRER,1916
2367,MONTOLIU DE LLEIDA,1917
2368,ARTIES,1918
2369,OLIANA,1919
2370,OLIUS,1920
2371,ORGANYA,1921
2372,PALAU D'ANGLESOLA (EL),1922
2373,PLANS DE SIO (ELS),1923
2374,POBLA DE SEGUR (LA),1924
2375,PONT DE SUERT (EL),1925
2376,PONTS,1926
2377,PRATS,1927
2378,RIALP,1928
2379,ROSSELLO,1929
2380,SANT GUIM DE FREIXENET,1930
2381,SANT LLORENÇ DE MORUNYS,1931
2382,SANT RAMON,1932
2383,SEROS,1933
2384,SEU D'URGELL (LA),1934
2385,SIDAMON,1935
2386,SOLSONA,1936
2387,SORIGUERA,1937
2388,SORT,1938
2389,SOSES,1939
2390,SUDANELL,1940
2391,SUNYER,1941
2392,TARREGA,1942
2393,TERMENS,1943
2394,TORA,1944
2395,TORREFARRERA,1945
2396,TORREGROSSA,1946
2397,TORRELAMEU,1947
2398,TORRES DE SEGRE,1948
2399,TREMP,1949
2400,PALAU DE NOGUERA,1949
2401,VILAMITJANA,1949
2402,BARRUERA,1950
2403,VALLFOGONA DE BALAGUER,1951
2404,VERDU,1952
2405,VIELHA,1953
2406,BETREN,1953
2407,VILAGRASSA,1954
2408,VILALLER,1955
2409,VILAMOS,1956
2410,VILANOVA DE LA BARCA,1957
2411,VILA-SANA,1958
2412,ABADIN,1959
2413,XESTA (A),1959
2414,ALFOZ,1960
2415,ANTAS DE ULLA,1961
2416,CADAVO (O),1962
2417,BARALLA,1963
2418,BARREIROS (CASCO URBANO),1964
2419,BECERREA,1965
2420,BEGONTE,1966
2421,BURELA,1967
2422,BARRELA (A),1968
2423,CARBALLEDO,1968
2424,CASTRO DE RIBEIRAS DE LEA,1969
2425,CASTRO DE REI,1969
2426,CASTROVERDE,1970
2427,CERVO,1971
2428,CHANTADA,1972
2429,SOBREIRA,1972
2430,CORGO (O),1973
2431,GOMEAN,1973
2432,MUIMENTA,1974
2433,COSPEITO,1974
2434,FONSAGRADA (A),1975
2435,FOZ,1976
2436,FRIOL,1977
2437,GUITIRIZ,1978
2438,GUNTIN DE PALLARES,1979
2439,VEIGA (A),1979
2440,LOURENZA (CASCO URBANO),1980
2441,LUGO,1981
2442,CAL DE PEON,1981
2443,PIUGOS DE PENA,1981
2444,SOÑARIÑO,1981
2445,NADELA,1981
2446,CEAO (O),1981
2447,MUXA DE ABAIXO,1981
2448,MUXA DE ARRIBA,1981
2449,CASTELO,1981
2450,PICATO (EL),1981
2451,LOUZANETA,1981
2452,TOLDA (LA),1981
2453,MEIRA,1982
2454,MONDOÑEDO,1983
2455,MONFORTE DE LEMOS,1984
2456,MONTERROSO,1985
2457,PROBA (A),1986
2458,OUTEIRO DE REI,1987
2459,PALAS DE REI,1988
2460,FERREIRA DE PANTON (CASCO URBANO),1989
2461,PARADELA,1990
2462,PASTORIZA,1991
2463,REGUEIRA (A),1991
2464,PEDRAFITA DO CEBREIRO,1992
2465,POBRA DO BROLLON (A),1993
2466,POL,1994
2467,PONTENOVA (A),1995
2468,PORTOMARIN,1996
2469,QUIROGA,1997
2470,RABADE,1998
2471,RIBADEO,1999
2472,VILAR,1999
2473,ROCHELA (A),1999
2474,RODRIGAS (AS),2000
2475,SAMOS,2001
2476,SARRIA,2002
2477,OURAL (O),2002
2478,VILAPEDRE,2002
2479,ESCAIRON,2003
2480,VILAESTEVA,2003
2481,TABOADA,2004
2482,VILALBA,2005
2483,VIVEIRO,2006
2484,AREA,2006
2485,LANDROVE (SAN XIAO),2006
2486,CANDAMIL,2007
2487,XOVE,2008
2488,CAMBA,2008
2489,AJALVIR,2009
2490,ALAMO (EL),2010
2491,ALCALA DE HENARES,2011
2492,ALCOBENDAS,2012
2493,ALCORCON,2013
2494,ALDEA DEL FRESNO,2014
2495,ALGETE,2015
2496,ALPEDRETE,2016
2497,ARANJUEZ,2017
2498,ARGANDA,2018
2499,BECERRIL DE LA SIERRA,2020
2500,BOADILLA DEL MONTE,2021
2501,CERCEDA,2022
2502,BRUNETE,2023
2503,BUITRAGO DEL LOZOYA,2024
2504,CABRERA (LA),2025
2505,CADALSO DE LOS VIDRIOS,2026
2506,CAMPO REAL,2027
2507,CASARRUBUELOS,2028
2508,CENICIENTOS,2029
2509,CERCEDILLA,2030
2510,CHINCHON,2031
2511,CIEMPOZUELOS,2032
2512,COBEÑA,2033
2513,COLLADO MEDIANO,2034
2514,COLLADO VILLALBA,2035
2515,VILLALBA DE GUADARRAMA,2035
2516,COLMENAR DE OREJA,2036
2517,COLMENAR DEL ARROYO,2037
2518,COLMENAR VIEJO,2038
2519,COSLADA,2039
2520,DAGANZO DE ARRIBA,2040
2521,FRAILES (LOS),2040
2522,ESCORIAL (EL),2041
2523,ESTREMERA,2042
2524,FUENLABRADA,2043
2525,FUENTE EL SAZ DE JARAMA,2044
2526,FUENTIDUEÑA DE TAJO,2045
2527,GALAPAGAR,2046
2528,GETAFE,2047
2529,ALDEHUELA Y LA TORRECILLA (LA),2047
2530,GRIÑON,2048
2531,GUADALIX DE LA SIERRA,2049
2532,GUADARRAMA,2050
2533,HORCAJO DE LA SIERRA,2051
2534,HOYO DE MANZANARES,2052
2535,HUMANES DE MADRID,2053
2536,LEGANES,2054
2537,BUTARQUE,2054
2538,FORTUNA,2054
2539,LOECHES,2055
2540,CABALLO (EL),2055
2541,LOZOYA,2056
2542,LOZOYUELA,2057
2543,MADRID,2058
2544,MAJADAHONDA,2059
2545,MANZANARES EL REAL,2060
2546,MECO,2061
2547,MEJORADA DEL CAMPO,2062
2548,MIRAFLORES DE LA SIERRA,2063
2549,MOLAR (EL),2064
2550,MORALEJA DE ENMEDIO,2065
2551,MORALZARZAL,2066
2552,MORATA DE TAJUÑA,2067
2553,MOSTOLES,2068
2554,NIEVES (LAS),2068
2555,NAVACERRADA,2069
2556,NAVALCARNERO,2070
2557,NAVAS DEL REY,2071
2558,NUEVO BAZTAN,2072
2559,ORUSCO,2073
2560,PARACUELLOS DE JARAMA,2074
2561,AVALON (EL),2074
2562,PARLA,2075
2563,PELAYOS DE LA PRESA,2076
2564,PERALES DE TAJUÑA,2077
2565,PEZUELA DE LAS TORRES,2078
2566,PINTO,2079
2567,POZUELO DE ALARCON,2080
2568,RASCAFRIA,2081
2569,RIVAS-VACIAMADRID,2082
2570,ROBLEDO DE CHAVELA,2083
2571,ROZAS DE MADRID (LAS),2084
2572,SAN AGUSTIN DEL GUADALIX,2085
2573,SAN FERNANDO DE HENARES,2086
2574,CAMPITO (EL),2086
2575,SAN LORENZO DE EL ESCORIAL,2087
2576,SAN MARTIN DE LA VEGA,2088
2577,SAN RAMON,2089
2578,SAN MARTIN DE VALDEIGLESIAS,2089
2579,SAN SEBASTIAN DE LOS REYES,2090
2580,PARADILLA (LA),2091
2581,SERNA DEL MONTE (LA),2092
2582,SEVILLA LA NUEVA,2093
2583,SOMOSIERRA,2094
2584,SOTO DEL REAL,2095
2585,TIELMES,2096
2586,TORREJON DE ARDOZ,2097
2587,BASE AEREA,2097
2588,TORREJON DE LA CALZADA,2098
2589,TORREJON DE VELASCO,2099
2590,TORRELAGUNA,2100
2591,TORRELODONES,2101
2592,TORRES DE LA ALAMEDA,2102
2593,TRES CANTOS,2103
2594,VALDEMORILLO,2104
2595,VALDEMORO,2105
2596,VALMOR-ROMPECUBAS,2105
2597,VALDETORRES DE JARAMA,2106
2598,VELILLA DE SAN ANTONIO,2107
2599,VENTURADA,2108
2600,VILLA DEL PRADO,2109
2601,VILLACONEJOS,2110
2602,VILLALBILLA,2111
2603,VILLAMANTA,2112
2604,VILLANUEVA DE LA CAÑADA,2113
2605,VILLANUEVA DE PERALES,2114
2606,VILLANUEVA DEL PARDILLO,2115
2607,VILLAREJO DE SALVANES,2116
2608,VILLAVICIOSA DE ODON,2117
2609,ALAMEDA,2118
2610,ALFARNATE,2119
2611,ALGARROBO,2120
2612,ALHAURIN DE LA TORRE,2121
2613,ALHAURIN EL GRANDE,2122
2614,ALMARGEN,2123
2615,ALORA,2124
2616,ALOZAINA,2125
2617,ANTEQUERA,2126
2618,VILLANUEVA CONCEPCION,2126
2619,ARCHIDONA,2127
2620,ARDALES,2128
2621,ARRIATE,2129
2622,BENALMADENA,2130
2623,ARROYO DE LA MIEL-BENALMADENA COSTA,2130
2624,BENAMARGOSA,2131
2625,BENAMOCARRA,2132
2626,BENAOJAN,2133
2627,BURGO (EL),2134
2628,CAMPILLOS,2135
2629,CAÑETE LA REAL,2136
2630,CARTAMA,2137
2631,CASABERMEJA,2138
2632,CASARABONELA,2139
2633,CASARES,2140
2634,COIN,2141
2635,COLMENAR,2142
2636,COMPETA,2143
2637,CORTES DE LA FRONTERA,2144
2638,CUEVAS BAJAS,2145
2639,CUEVAS DE SAN MARCOS,2146
2640,CUEVAS DEL BECERRO,2147
2641,ESTEPONA,2148
2642,BUENAS NOCHES,2148
2643,CANCELADA,2148
2644,LOMA DEL MONTE,2148
2645,FUENGIROLA,2149
2646,FUENTE DE PIEDRA,2150
2647,GAUCIN,2151
2648,GUARO,2152
2649,HUMILLADERO,2153
2650,MALAGA,2154
2651,CAMPANILLAS,2154
2652,MANILVA,2155
2653,MARBELLA,2156
2654,SAN PEDRO DE ALCANTARA,2156
2655,NUEVA ANDALUCIA,2156
2656,MIJAS,2157
2657,LAGUNAS (LAS),2157
2658,CALAHONDA-CHAPARRAL,2157
2659,OSUNILLAS-PEÑA BLANQUILLA,2157
2660,MOLLINA,2158
2661,MONDA,2159
2662,NERJA,2160
2663,OJEN,2161
2664,PERIANA,2162
2665,PIZARRA,2163
2666,CERRALBA,2163
2667,RINCON DE LA VICTORIA,2164
2668,CALA DEL MORAL (LA),2164
2669,RIOGORDO,2165
2670,RONDA,2166
2671,MONTECORTO,2166
2672,CORUMBELA,2167
2673,SIERRA DE YEGUAS,2168
2674,TEBA,2169
2675,TORREMOLINOS,2170
2676,TORROX,2171
2677,TORROX-COSTA,2171
2678,VALLE DE ABDALAJIS,2172
2679,VELEZ-MALAGA,2173
2680,TORRE DEL MAR,2173
2681,CAJIZ,2173
2682,TRAPICHE,2173
2683,VILLANUEVA DE ALGAIDAS,2174
2684,VILLANUEVA DE TAPIA,2175
2685,VILLANUEVA DEL ROSARIO,2176
2686,VILLANUEVA DEL TRABUCO,2177
2687,VIÑUELA,2178
2688,YUNQUERA,2179
2689,MELILLA,2180
2690,ABANILLA,2181
2691,ABARAN,2182
2692,AGUILAS,2183
2693,ALCANTARILLA,2184
2694,ALCAZARES (LOS),2185
2695,ALEDO,2186
2696,ALGUAZAS,2187
2697,ALHAMA DE MURCIA,2188
2698,ARCHENA,2189
2699,BENIEL,2190
2700,BLANCA,2191
2701,BULLAS,2192
2702,CALASPARRA,2193
2703,CARAVACA DE LA CRUZ,2194
2704,BENABLON,2194
2705,BARRANDA,2194
2706,ALMUDEMA (LA),2194
2707,CARTAGENA,2195
2708,FERRIOL (EL),2195
2709,TORRECIEGA,2195
2710,SANTA LUCIA,2195
2711,ALGAR (EL),2195
2712,BELONES (LOS),2195
2713,CABO DE PALOS,2195
2714,ALBUJON,2195
2715,ALJORRA (LA),2195
2716,PUEBLA (LA),2195
2717,APARECIDA (LA),2195
2718,POZO ESTRECHO,2195
2719,PALMA (LA),2195
2720,CAMACHOS (LOS),2195
2721,VEREDA (LA),2195
2722,SAN ANTONIO ABAD,2195
2723,MOLINOS MARFAGONES,2195
2724,CUESTA BLANCA DE ABAJO,2195
2725,CANTERAS,2195
2726,DOLORES (LOS),2195
2727,PATOJOS (LOS),2195
2728,CEHEGIN,2196
2729,CANARA,2196
2730,CEUTI,2197
2731,TORRAOS (LOS),2197
2732,CIEZA,2198
2733,VENTA DEL OLIVO,2198
2734,FORTUNA,2199
2735,FUENTE ALAMO,2200
2736,ALMAGROS (LOS),2200
2737,BALSAPINTADA,2200
2738,JUMILLA,2201
2739,LIBRILLA,2202
2740,LORCA,2203
2741,HOYA (LA),2203
2742,ERMITA DEL RAMONETE,2203
2743,PURIAS,2203
2744,ABADES (LOS) Y LAS NORIAS,2203
2745,LA CAMPANA,2203
2746,ZARCILLA DE RAMOS,2203
2747,PACA (LA),2203
2748,TORRECILLA,2203
2749,LORQUI,2204
2750,MAZARRON,2205
2751,IFRE-CAÑADA DE GALLEGO,2205
2752,PUERTO DE MAZARRON,2205
2753,MOLINA DE SEGURA,2206
2754,LLANO (EL),2206
2755,ROMERAL,2206
2756,MORATALLA,2207
2757,MULA,2208
2758,NIÑO (EL),2208
2759,MURCIA,2209
2760,PUNTAL (EL),2209
2761,CHURRA,2209
2762,CABEZO DE TORRES,2209
2763,ESPARRAGAL,2209
2764,COBATILLAS,2209
2765,MONTEAGUDO,2209
2766,CASILLAS (LUGAR DE) O ERMITA DE BUENDIA,2209
2767,HUERTA DE LLANO DE BRUJAS,2209
2768,HUERTA DEL RAAL,2209
2769,SANGONERA LA VERDE O ERMITA NUEVA,2209
2770,SAN GINES,2209
2771,PALMAR O LUGAR D. JUAN,2209
2772,ALBERCA DE LAS TORRES,2209
2773,HUERTA DE LA ALBERCA,2209
2774,ALGEZARES,2209
2775,DOLORES (LOS),2209
2776,GARRES (LOS),2209
2777,BENIAJAN,2209
2778,TORREAGUERA,2209
2779,HUERTA Y CAMPO DE LOS RAMOS,2209
2780,ALQUERIAS,2209
2781,CAÑADA HERMOSA,2209
2782,JAVALI NUEVO,2209
2783,JERONIMOS (LOS),2209
2784,GUADALUPE DE MACIASCOQUE,2209
2785,AGRIDULCE,2209
2786,NONDUERMAS,2209
2787,RINCON DEL MERINO,2209
2788,ERA ALTA,2209
2789,CORVERA,2209
2790,BAÑOS Y MENDIGO,2209
2791,MARTINEZ DEL PUERTO (LOS),2209
2792,SUCINA,2209
2793,SANGONERA LA SECA,2209
2794,CABEZO CORTADO,2209
2795,ESPINARDO,2209
2796,PLIEGO,2210
2797,PUERTO LUMBRERAS,2211
2798,ESPARRAGAL,2211
2799,SAN JAVIER,2212
2800,SANTIAGO DE LA RIBERA,2212
2801,SAN PEDRO DEL PINATAR,2213
2802,IMBERNONES (LOS),2213
2803,SANTOMERA,2214
2804,TORRE-PACHECO,2215
2805,BALSICAS,2215
2806,ROLDAN,2215
2807,DOLORES,2215
2808,SAN CAYETANO,2215
2809,JIMENADO,2215
2810,TORRES DE COTILLAS (LAS),2216
2811,TOTANA,2217
2812,PARETON,2217
2813,UNION (LA),2218
2814,YECLA,2219
2815,ABLITAS,2220
2816,AIBAR,2221
2817,ALLO,2222
2818,ALTSASU/ALSASUA,2223
2819,ZUDAIRE,2224
2820,ANDOSILLA,2225
2821,ANSOAIN,2226
2822,BURUTAIN,2227
2823,AOIZ/AGOITZ,2228
2824,ARRIBE,2229
2825,ETXARREN,2230
2826,MUTILVA BAJA/MUTILOABEITI,2231
2827,ARANGUREN,2231
2828,TAJONAR/TAXOARE,2231
2829,ARCOS (LOS),2232
2830,ARGUEDAS,2233
2831,ARIBE,2234
2832,ARRONIZ,2235
2833,ARTAJONA,2236
2834,AZAGRA,2237
2835,BARAÑAIN,2238
2836,BARASOAIN,2239
2837,ARIZKUN,2240
2838,ELIZONDO,2240
2839,ARRAIOZ,2240
2840,MUGAIRI(ORONOZ),2240
2841,BERA / VERA DE BIDASOA,2241
2842,BERBINZANA,2242
2843,BERIAIN,2243
2844,AIZOAIN,2244
2845,BERRIOPLANO,2244
2846,ARTICA,2244
2847,BERRIOZAR,2245
2848,LEGASA,2246
2849,BUÑUEL,2247
2850,BURLADA/BURLATA,2248
2851,CABANILLAS,2249
2852,CADREITA,2250
2853,CAPARROSO,2251
2854,CARCAR,2252
2855,CARCASTILLO,2253
2856,FIGAROL,2253
2857,CASCANTE,2254
2858,CASEDA,2255
2859,CASTEJON,2256
2860,CINTRUENIGO,2257
2861,CORELLA,2258
2862,CORTES,2259
2863,DONEZTEBE/SANTESTEBAN,2260
2864,ALZUZA,2261
2865,EGUES,2261
2866,OLAZ,2261
2867,AURIZBERRI / ESPINAL,2262
2868,ESTELLA O LIZARRA,2263
2869,OLLOKI,2264
2870,SAIGOTS,2264
2871,EUGI,2264
2872,ETXALAR,2265
2873,ETXARRI-ARANATZ,2266
2874,ORICAIN,2267
2875,FALCES,2268
2876,FITERO,2269
2877,BOCAL (EL),2270
2878,FONTELLAS,2270
2879,FUNES,2271
2880,FUSTIÑANA,2272
2881,BARBATAIN,2273
2882,CORDOVILLA,2273
2883,SALINAS DE PAMPLONA,2273
2884,HUARTE,2274
2885,IRURTZUN,2275
2886,SARASATE,2276
2887,ZUASTI,2276
2888,LAKUNTZA,2277
2889,LANTZ,2278
2890,LARRAGA,2279
2891,GORRITI,2280
2892,MUGIRO,2280
2893,LEGARDA,2281
2894,LEITZA,2282
2895,LERIN,2283
2896,LESAKA,2284
2897,LIEDENA,2285
2898,LODOSA,2286
2899,LUMBIER,2287
2900,AZOLETA,2288
2901,LUZAIDE/VALCARLOS,2288
2902,MARCILLA,2289
2903,MELIDA,2290
2904,MENDAVIA,2291
2905,ACEDO,2292
2906,MENDIGORRIA,2293
2907,MILAGRO,2294
2908,MIRANDA DE ARGA,2295
2909,MORENTIN,2296
2910,MURCHANTE,2297
2911,MURILLO EL FRUTO,2298
2912,ELORZ/ELORTZ,2299
2913,IMARCOAIN,2299
2914,NOAIN,2299
2915,OLAZTI/OLAZAGUTIA,2300
2916,OLITE,2301
2917,ARAZURI,2302
2918,ORCOYEN,2303
2919,OTEIZA,2304
2920,PAMPLONA/IRUÑA,2305
2921,PERALTA,2306
2922,PUENTE LA REINA/GARES,2307
2923,RIBAFORADA,2308
2924,SAN ADRIAN,2309
2925,SANGUESA,2310
2926,SANTACARA,2311
2927,SARTAGUDA,2312
2928,SESMA,2313
2929,TAFALLA,2314
2930,TIEBAS,2315
2931,TUDELA,2316
2932,UJUE,2317
2933,IRAIZOTZ,2318
2934,DANTXARINEA,2319
2935,LANDIBAR,2319
2936,URDAZUBI / URDAX,2319
2937,URZAINQUI,2320
2938,VALTIERRA,2321
2939,VIANA,2322
2940,VILLAFRANCA,2323
2941,VILLATUERTA,2324
2942,VILLAVA O ATARRABIA,2325
2943,AZCONA,2326
2944,ZIORDIA,2327
2945,ZIZUR MAYOR/ZIZUR NAGUSIA,2328
2946,ALLARIZ,2329
2947,AVION (OURENSE),2330
2948,BANDE,2331
2949,BARBADAS,2332
2950,BARCO (O),2333
2951,BEADE,2334
2952,BOLO (O),2335
2953,CARBALLIÑO,2336
2954,OUTOMURO,2337
2955,CASTRO DE CALDELAS (O),2338
2956,CELANOVA,2339
2957,GUSTEI,2340
2958,CAMBEO,2340
2959,COLES,2340
2960,CORTEGADA,2341
2961,CUALEDRO,2342
2962,ENTRIMO (CAPITAL),2343
2963,GUDIÑA (A),2344
2964,EROSA,2344
2965,CONCHAS (AS),2345
2966,MACEDA,2346
2967,MASIDE,2347
2968,MELON,2348
2969,MERCA (A),2349
2970,A MEZQUITA,2350
2971,NOGUEIRA,2351
2972,OIMBRA,2352
2973,OURENSE,2353
2974,VELLE,2353
2975,SEIXALBO,2353
2976,SANTA CRUZ,2353
2977,PONTEBARXAS,2354
2978,PEREIRO DE AGUIAR (O),2355
2979,DERRASA (A),2355
2980,MEDORRA (A),2355
2981,PEROXA (A),2356
2982,REINO (O),2357
2983,POBRA DE TRIVES,2358
2984,RAMIRAS,2359
2985,RIBADAVIA,2360
2986,RIOS,2361
2987,RUA DE VALDEORRAS (A),2362
2988,SAN CIBRAO DAS VIÑAS,2363
2989,POLIGONO INDUSTRIAL,2363
2990,REBOREDO,2363
2991,INFESTA (SAN CIBRAO DAS VIÑAS),2363
2992,CEA,2364
2993,TABOADELA,2365
2994,TRASMIRAS,2366
2995,ABAVIDES,2366
2996,VEIGA (A),2367
2997,VEREA,2368
2998,VERIN,2369
2999,PAZOS,2369
3000,FECES DE ABAIXO,2369
3001,VIANA DO BOLO,2370
3002,TAMALLANCOS,2371
3003,VILAMARTIN DE VALDEORRAS,2372
3004,XINZO DE LIMIA,2373
3005,AGUILAR DE CAMPOO,2374
3006,ALAR DEL REY,2375
3007,BECERRIL DEL CARPIO,2375
3008,AMUSCO,2376
3009,ASTUDILLO,2377
3010,BALTANAS,2378
3011,BARRUELO DE SANTULLAN,2379
3012,BUENAVISTA DE VALDAVIA,2380
3013,CARRION DE LOS CONDES,2381
3014,CERVERA DE PISUERGA,2382
3015,CEVICO DE LA TORRE,2383
3016,DUEÑAS,2384
3017,FRESNO DEL RIO,2385
3018,FROMISTA,2386
3019,FUENTES DE NAVA,2387
3020,GRIJOTA,2388
3021,GUARDO,2389
3022,HERRERA DE PISUERGA,2390
3023,MAGAZ DE PISUERGA,2391
3024,OSORNO,2392
3025,SANTILLANA DE CAMPOS,2392
3026,PALENCIA,2393
3027,PAREDES DE NAVA,2394
3028,QUINTANA DEL PUENTE,2395
3029,SALDAÑA,2396
3030,SANTIBAÑEZ DE LA PEÑA,2397
3031,SERNA (LA),2398
3032,TORQUEMADA,2399
3033,VENTA DE BAÑOS,2400
3034,VILLADA,2401
3035,VILLAHERREROS,2402
3036,VILLAMURIEL DE CERRATO,2403
3037,VILLARRAMIEL,2404
3038,VILLODRIGO,2405
3039,VILLOLDO,2406
3040,AGAETE,2407
3041,AGUIMES,2408
3042,CRUCE DE ARINAGA,2408
3043,POLIGONO RESIDENCIAL DE ARINAGA,2408
3044,SAN NICOLAS DE TOLENTINO,2409
3045,CASTILLO (EL),2410
3046,ANTIGUA,2410
3047,CALETA DE FUSTE,2410
3048,ARRECIFE,2411
3049,ARTENARA,2412
3050,ARUCAS,2413
3051,SANTIDAD,2413
3052,CASTILLOS (LOS),2413
3053,FIRGAS,2414
3054,GALDAR,2415
3055,PUERTO DE SARDINA,2415
3056,SAN ISIDRO,2415
3057,MARMOLEJOS,2415
3058,HARIA,2416
3059,ARRIETA,2416
3060,INGENIO,2417
3061,CARRIZAL,2417
3062,MOGAN,2418
3063,ALMACIGOS (LOS),2418
3064,ARGUINEGUIN,2418
3065,PUERTO RICO,2418
3066,BARRANCO DEL LAUREL,2419
3067,MOYA,2419
3068,OLIVA (LA),2420
3069,CORRALEJO,2420
3070,PAJARA,2421
3071,COSTA CALMA,2421
3072,MORRO JABLE,2421
3073,PALMAS DE GRAN CANARIA (LAS),2422
3074,TAMARACEITE,2422
3075,ALMATRICHE,2422
3076,MONTAÑETA (LA),2422
3077,PUERTO DEL ROSARIO,2423
3078,SAN BARTOLOME,2424
3079,PLAYA HONDA,2424
3080,SAN FERNANDO,2425
3081,MASPALOMAS,2425
3082,TABLERO (EL),2425
3083,SAN BARTOLOME TIRAJANA,2425
3084,SANTA BRIGIDA,2426
3085,SANTA LUCIA,2427
3086,VECINDARIO,2427
3087,DOCTORAL (EL),2427
3088,CASA PASTORES,2427
3089,SANTA MARIA DE GUIA,2428
3090,BARRANQUILLO FRIO,2428
3091,VILLA DE TEGUISE,2429
3092,GUATIZA,2429
3093,COSTA TEGUISE,2429
3094,TEGUISE,2429
3095,TEJEDA,2430
3096,TELDE,2431
3097,JINAMAR,2431
3098,PARDILLA (LA),2431
3099,SAN ANTONIO,2431
3100,GARITA (LA),2431
3101,GORO (EL),2431
3102,EL CALERO-TELDE,2431
3103,TEROR,2432
3104,TIAS,2433
3105,PUERTO DEL CARMEN,2433
3106,MACHER,2433
3107,TINAJO,2434
3108,TUINEJE,2435
3109,GRAN TARAJAL,2435
3110,TARAJALEJO,2435
3111,VALLESECO,2436
3112,VALSEQUILLO,2437
3113,VEGA DE SAN MATEO,2438
3114,YAIZA,2439
3115,PLAYA BLANCA,2439
3116,AGOLADA,2440
3117,MARCELIN,2440
3118,ARBO,2441
3119,BAIONA,2442
3120,BARRO,2443
3121,CURRO,2443
3122,SABARIGO,2444
3123,CALCOTE,2445
3124,SEGAD,2445
3125,PARADELA,2445
3126,CALDAS DE REIS,2445
3127,CAMBADOS,2446
3128,XESTEIRA (A),2446
3129,LAXES (AS),2446
3130,LAMEIRO,2447
3131,CANGAS,2448
3132,CAÑIZA (A),2449
3133,VALEIXE,2449
3134,BAIUCA,2450
3135,CERDEDO,2451
3136,CALVELO,2452
3137,PORTOCORTIÑAS,2453
3138,CUNTIS,2454
3139,DOZON,2455
3140,ESTRADA (A),2456
3141,LOIMIL DO CARBALLO,2456
3142,FORCAREI,2457
3143,PORTELA,2457
3144,GONDOMAR,2458
3145,MAÑOFRE-FONTAN,2458
3146,GROVE (O),2459
3147,GUARDA (A),2460
3148,SALCIDOS,2460
3149,PINTAN,2460
3150,LALIN,2461
3151,GRESANDE,2461
3152,VILATUXE,2461
3153,CERCIO,2461
3154,MARIN,2462
3155,SEIXO,2462
3156,PAZO (O),2463
3157,PONTE DENA,2463
3158,GOULLA (A),2464
3159,VILANOVIÑA,2464
3160,MOAÑA,2465
3161,DOMAIO,2465
3162,MONDARIZ-BALNEARIO,2466
3163,SANTA LUCIA DE MORAÑA,2467
3164,POMBAL,2468
3165,PARDELLAS,2468
3166,VEIGADAÑA,2468
3167,PORTELA,2468
3168,MOS,2468
3169,TAMEIGA (SAN MARTIÑO),2468
3170,NEVES (AS),2469
3171,BARXA,2470
3172,OUTEIRO,2470
3173,PRIEGUE,2470
3174,VILLADESUSO,2471
3175,POIO DE ARRIBA,2472
3176,RAXO,2472
3177,POIO,2472
3178,PONTECALDELAS,2473
3179,TOURON,2473
3180,PONTEAREAS,2474
3181,PONTECESURES,2475
3182,PONTEVEDRA,2476
3183,MOURENTE,2476
3184,ERMIDA (A),2476
3185,PINO BORA,2476
3186,SALCEDO (SAN MARTIÑO),2476
3187,PORRIÑO (O),2477
3188,CASILLA,2477
3189,ATIOS,2477
3190,SALNES,2478
3191,REDONDELA,2479
3192,TRASMAÑO,2479
3193,CABANELAS,2480
3194,RIBADUMIA,2480
3195,RODEIRO,2481
3196,SALCEDA DE CASELAS,2482
3197,GRIXO,2483
3198,SALVATERRA DE MIÑO,2483
3199,SANXENXO,2484
3200,VINQUIÑO,2484
3201,SIADOR,2485
3202,SILLEDA,2485
3203,BANDEIRA,2485
3204,TORRON,2486
3205,TOMIÑO,2486
3206,TUI,2487
3207,ANTA,2487
3208,PUENTE NUEVO,2487
3209,COTO (O),2488
3210,VIGO,2489
3211,CASTRO,2489
3212,COMESAÑA,2489
3213,ABAD,2489
3214,VERDEAL,2489
3215,CABRAL-IGLESIA,2489
3216,VILA DE CRUCES,2490
3217,VILABOA,2491
3218,VILAGARCIA,2492
3219,VILAGARCIA DE AROUSA,2492
3220,BAMIO,2492
3221,VILANOVA DE AROUSA,2493
3222,DEIRO,2493
3223,CALEIRO,2493
3224,TERRON (O),2493
3225,AGONCILLO,2494
3226,RECAJO,2494
3227,ALBELDA DE IREGUA,2495
3228,ALBERITE,2496
3229,ALCANADRE,2497
3230,ALDEANUEVA DE EBRO,2498
3231,ALFARO,2499
3232,ARNEDO,2500
3233,AUTOL,2501
3234,BAÑARES,2502
3235,BAÑOS DE RIO TOBIA,2503
3236,CALAHORRA,2504
3237,CENICERO,2505
3238,CERVERA DEL RIO ALHAMA,2506
3239,CUZCURRITA-RIO TIRON,2507
3240,FUENMAYOR,2508
3241,HARO,2509
3242,HORMILLA,2510
3243,HUERCANOS,2511
3244,LARDERO,2512
3245,LOGROÑO,2513
3246,MURILLO DE RIO LEZA,2514
3247,NAJERA,2515
3248,NALDA,2516
3249,NAVARRETE,2517
3250,PRADEJON,2518
3251,QUEL,2519
3252,REDAL (EL),2520
3253,RINCON DE SOTO,2521
3254,SAN ASENSIO,2522
3255,SAN VICENTE DE LA SONSIERRA,2523
3256,TIRGO,2524
3257,PUENTE MADRE,2525
3258,VILLANUEVA DE CAMEROS,2526
3259,VILLAR DE TORRE,2527
3260,VINIEGRA DE ABAJO,2528
3261,ALBA DE TORMES,2529
3262,ALBERCA (LA),2530
3263,ALDEALENGUA,2531
3264,ALDEANUEVA DE FIGUEROA,2532
3265,ALDEATEJADA,2533
3266,ALDEHUELA DE LA BOVEDA,2534
3267,ARAPILES,2535
3268,TORRES (LAS),2535
3269,BARRUECOPARDO,2536
3270,BEJAR,2537
3271,CUATRO CALZADAS,2538
3272,CABRERIZOS,2539
3273,CALVARRASA DE ABAJO,2540
3274,CALVARRASA DE ARRIBA,2541
3275,CALZADA DE VALDUNCIEL,2542
3276,CANTALPINO,2543
3277,CARBAJOSA DE LA SAGRADA,2544
3278,CASTELLANOS DE MORISCOS,2545
3279,CIUDAD RODRIGO,2546
3280,VALDECARPINTEROS,2546
3281,ENCINAS DE ABAJO,2547
3282,ESPEJA,2548
3283,FRESNO-ALHANDIGA,2549
3284,FUENTE DE SAN ESTEBAN (LA),2550
3285,FUENTES DE OÑORO,2551
3286,NUEVO POBLADO,2551
3287,MONTE LA RAD,2552
3288,GUIJUELO,2553
3289,LEDESMA,2554
3290,LINARES DE RIOFRIO,2555
3291,LUMBRALES,2556
3292,FRANCOS VIEJO,2557
3293,MACOTERA,2558
3294,CASTILLEJO DE YELTES,2559
3295,MARTIN DE YELTES,2559
3296,MASUECO,2560
3297,MONTEJO,2561
3298,PEDROSILLO EL RALO,2562
3299,PEÑARANDA DE BRACAMONTE,2563
3300,PUERTO DE BEJAR,2564
3301,ROBLEDA,2565
3302,ROBLIZA DE COJOS,2566
3303,SALAMANCA,2567
3304,SANCTI-SPIRITUS,2568
3305,SANTA MARTA DE TORMES,2569
3306,TAMAMES,2570
3307,TRABANCA,2571
3308,VALDECARROS,2572
3309,VECINOS,2573
3310,VILLAFLORES,2574
3311,VILLAMAYOR,2575
3312,VILLAR DE PERALONSO,2576
3313,VILLARES DE LA REINA,2577
3314,POLIGONO INDUSTRIAL LOS VILLARES,2577
3315,FUENTE SERRANA,2577
3316,ALDEASECA DE ARMUÑA,2577
3317,VILLARMAYOR,2578
3318,VILLORIA,2579
3319,VITIGUDINO,2580
3320,ADEJE,2581
3321,FAÑABE,2581
3322,PLAYA DE LAS AMERICAS,2581
3323,ARMEÑIME,2581
3324,TIJOCO BAJO,2581
3325,CALDERA (LA),2581
3326,ALAJERO,2582
3327,ARAFO,2583
3328,HIDALGA (LA),2583
3329,ARICO NUEVO,2584
3330,PORIS DE ABONA,2584
3331,ARICO,2584
3332,ARONA,2585
3333,CAMELLA(LA),2585
3334,VALLE DE SAN LORENZO,2585
3335,CABO BLANCO,2585
3336,CRISTIANOS(LOS),2585
3337,PLAYA DE LAS AMERICAS (ARONA),2585
3338,COSTA DEL SILENCIO,2585
3339,BARLOVENTO,2586
3340,SAN PEDRO DE BREÑA ALTA,2587
3341,BREÑA,2587
3342,BREÑA ALTA,2587
3343,BUENAVISTA DEL NORTE,2588
3344,CANDELARIA,2589
3345,CALETILLAS (LAS),2589
3346,BARRANCO HONDO,2589
3347,FASNIA,2590
3348,PINAR (EL),2591
3349,FRONTERA,2591
3350,FUENCALIENTE,2592
3351,GARACHICO,2593
3352,GARAFIA,2594
3353,GRANADILLA DE ABONA,2595
3354,SAN ISIDRO,2595
3355,MEDANO (EL),2595
3356,AEROPUERTO REINA SOFIA (SANTA CRUZ DE TENERIFE),2595
3357,GUANCHA (LA),2596
3358,SANTO DOMINGO,2596
3359,GUIA DE ISORA,2597
3360,CHIO,2597
3361,PLAYA DE SAN JUAN,2597
3362,ALCALA,2597
3363,GÜIMAR,2598
3364,ESCOBONAL (EL),2598
3365,HERMIGUA,2599
3366,ICOD DE LOS VINOS,2600
3367,LLANOS DE ARIDANE (LOS),2601
3368,MATANZA DE ACENTEJO (LA),2602
3369,GUIA,2602
3370,OROTAVA (LA),2603
3371,SAN JERONIMO,2603
3372,ARENAS (LAS),2603
3373,PERDOMA (LA),2603
3374,PASO (EL),2604
3375,PUERTO DE LA CRUZ,2605
3376,PUNTAGORDA,2606
3377,PUNTALLANA,2607
3378,REALEJOS (LOS),2608
3379,CRUZ SANTA,2608
3380,ICOD EL ALTO,2608
3381,PALO BLANCO-LLANADAS,2608
3382,SAN ISIDRO,2609
3383,ROSARIO (EL),2609
3384,SAUCES (LOS),2610
3385,SAN CRISTOBAL,2611
3386,CUESTA LA,2611
3387,TACO,2611
3388,GENETO,2611
3389,BALDIOS LOS,2611
3390,GUAMASA,2611
3391,VALLE DE GUERRA,2611
3392,TEJINA,2611
3393,BAJAMAR,2611
3394,LA LAGUNA,2611
3395,SAN JUAN DE LA RAMBLA,2612
3396,SAN MIGUEL,2613
3397,CHAFIRAS (LAS),2613
3398,ZOCAS (LAS),2613
3399,SAN SEBASTIAN DE LA GOMERA,2614
3400,SANTA CRUZ DE LA PALMA,2615
3401,SANTA CRUZ DE TENERIFE,2616
3402,AÑAZA,2616
3403,EL ROSARIO,2616
3404,SANTA URSULA,2617
3405,SANTIAGO DEL TEIDE,2618
3406,TAMAIMO,2618
3407,EL SAUZAL,2619
3408,RAVELO,2619
3409,SILOS LOS,2620
3410,TACORONTE,2621
3411,EL TANQUE,2622
3412,TAZACORTE,2623
3413,TEGUESTE CENTRO,2624
3414,SOCORRO (EL),2624
3415,CALERA (LA),2625
3416,VALLEHERMOSO,2626
3417,CHIPUDE,2626
3418,VALVERDE DEL HIERRO,2627
3419,VICTORIA DE ACENTEJO (LA),2628
3420,VILAFLOR,2629
3421,LODERO,2630
3422,AYLLON,2631
3423,BOCEGUILLAS,2632
3424,CANTALEJO,2633
3425,CARBONERO EL MAYOR,2634
3426,CASTILLEJO DE MESLEON,2635
3427,CEREZO DE ABAJO,2636
3428,CHAÑE,2637
3429,COCA,2638
3430,COLLADO HERMOSO,2639
3431,CUELLAR,2640
3432,ESPINAR (EL),2641
3433,SAN RAFAEL,2641
3434,FRESNO DE CANTESPINO,2642
3435,FUENTEPELAYO,2643
3436,FUENTESAUCO FUENTIDUEÑA,2644
3437,GARCILLAN,2645
3438,GOMEZSERRACIN,2646
3439,GRAJERA,2647
3440,HONTALBILLA,2648
3441,LABAJOS,2649
3442,LASTRILLA (LA),2650
3443,MARTIN MUÑOZ DE LA DEHESA,2651
3444,MARTIN MUÑOZ DE LAS POSADAS,2652
3445,MOZONCILLO,2653
3446,NAVA DE LA ASUNCION,2654
3447,NAVALMANZANO,2655
3448,NAVAS DE SAN ANTONIO,2656
3449,PEÑAS DEL ERIZO,2657
3450,CARABIAS,2658
3451,PRADENA,2659
3452,RIAZA,2660
3453,SAN CRISTOBAL DE SEGOVIA,2661
3454,SAN ILDEFONSO O LA GRANJA,2662
3455,SAN MIGUEL DE BERNUY,2663
3456,SANGARCIA,2664
3457,SANTA MARIA LA REAL DE NIEVA,2665
3458,VILLAREJO,2666
3459,SEGOVIA,2667
3460,REVENGA,2667
3461,SEPULVEDA,2668
3462,TOLOCIRIO,2669
3463,ALDEHUELA,2670
3464,TUREGANO,2671
3465,VALLELADO,2672
3466,VALSECA,2673
3467,VALVERDE DEL MAJANO,2674
3468,VILLACASTIN,2675
3469,AGUADULCE,2676
3470,ALANIS,2677
3471,ALCALA DE GUADAIRA,2678
3472,ACEBUCHAL (EL),2678
3473,ALCALA DEL RIO,2679
3474,ALCOLEA DEL RIO,2680
3475,ALGABA (LA),2681
3476,ALGAMITAS,2682
3477,ALMADEN DE LA PLATA,2683
3478,ALMENSILLA,2684
3479,ARAHAL,2685
3480,AZNALCAZAR,2686
3481,AZNALCOLLAR,2687
3482,BADOLATOSA,2688
3483,BENACAZON,2689
3484,BOLLULLOS DE LA MITACION,2690
3485,BORMUJOS,2691
3486,BRENES,2692
3487,CABEZAS DE SAN JUAN (LAS),2693
3488,MARISMILLAS,2693
3489,CAMAS,2694
3490,CAMPANA (LA),2695
3491,CAÑADA ROSAL,2696
3492,CANTILLANA,2697
3493,CARMONA,2698
3494,CARRION DE LOS CESPEDES,2699
3495,CASARICHE,2700
3496,CASTILBLANCO ARROYOS,2701
3497,CASTILLEJA DE LA CUESTA,2702
3498,ARROYO DE LA PLATA,2703
3499,CASTILLO DE LAS GUARDAS,2703
3500,CAZALLA DE LA SIERRA,2704
3501,CONSTANTINA,2705
3502,CORIA DEL RIO,2706
3503,CORIPE,2707
3504,CORONIL (EL),2708
3505,CORRALES (LOS),2709
3506,CUERVO DE SEVILLA (EL),2710
3507,DOS HERMANAS,2711
3508,QUINTO,2711
3509,ECIJA,2712
3510,VILLANUEVA DEL REY,2712
3511,ESPARTINAS,2713
3512,ESTEPA,2714
3513,FUENTES DE ANDALUCIA,2715
3514,GARROBO (EL),2716
3515,GELVES,2717
3516,GERENA,2718
3517,GILENA,2719
3518,GINES,2720
3519,GUADALCANAL,2721
3520,GUILLENA,2722
3521,PAJANOSAS (LAS),2722
3522,HERRERA,2723
3523,HUEVAR,2724
3524,ISLA MAYOR,2725
3525,LANTEJUELA (LA),2726
3526,LEBRIJA,2727
3527,LORA DEL RIO,2728
3528,PRIORATO (EL),2728
3529,ALAMO (EL),2728
3530,LUISIANA (LA),2729
3531,MAIRENA DEL ALCOR,2730
3532,MAIRENA DEL ALJARAFE,2731
3533,MARCHENA,2732
3534,MARINALEDA,2733
3535,MARTIN DE LA JARA,2734
3536,MOLARES (LOS),2735
3537,MONTELLANO,2736
3538,MORON DE LA FRONTERA,2737
3539,NAVAS DE LA CONCEPCION,2738
3540,OLIVARES,2739
3541,OSUNA,2740
3542,PALACIOS Y VILLAFRANCA,2741
3543,TROBAL (EL),2741
3544,MARIBAÑEZ,2741
3545,PALOMARES DEL RIO,2742
3546,PARADAS,2743
3547,PEDRERA,2744
3548,PEDROSO (EL),2745
3549,PEÑAFLOR,2746
3550,PILAS,2747
3551,PRUNA,2748
3552,PUEBLA DE CAZALLA (LA),2749
3553,PUEBLA DE LOS INFANTES,2750
3554,PUEBLA DEL RIO (LA),2751
3555,REAL DE LA JARA (EL),2752
3556,RINCONADA (LA),2753
3557,SAN JOSE DE LA RINCONADA,2753
3558,RODA DE ANDALUCIA (LA),2754
3559,RUBIO (EL),2755
3560,SALTERAS,2756
3561,SAN JUAN DE AZNALFARACHE,2757
3562,SANLUCAR LA MAYOR,2758
3563,SANTIPONCE,2759
3564,SAUCEJO (EL),2760
3565,SEVILLA,2761
3566,CALONGE,2761
3567,TOCINA,2762
3568,ROSALES (LOS),2762
3569,TOMARES,2763
3570,UMBRETE,2764
3571,UTRERA,2765
3572,PALMAR DE TROYA (EL),2765
3573,TRAJANO,2765
3574,VALENCINA CONCEPCION,2766
3575,VILLAMANRIQUE DE LA CONDESA,2767
3576,VILLANUEVA DE SAN JUAN,2768
3577,VILLANUEVA RIO Y MINAS,2769
3578,VILLAVERDE DEL RIO,2770
3579,VISO DEL ALCOR (EL),2771
3580,ABEJAR,2772
3581,AGREDA,2773
3582,RADONA,2774
3583,ALMARZA,2775
3584,ALMAZAN,2776
3585,ARCOS DE JALON,2777
3586,MONTUENGA DE SORIA,2777
3587,HORTEZUELA,2778
3588,BURGO DE OSMA (EL),2779
3589,CABREJAS DEL PINAR,2780
3590,ALDEHUELA DE CALATAÑAZOR,2781
3591,COVALEDA,2782
3592,GOLMAYO,2783
3593,MATALEBRERAS,2784
3594,LODARES,2785
3595,MEDINACELI,2785
3596,OLVEGA,2786
3597,NAVALCABALLO,2787
3598,SAN ESTEBAN DE GORMAZ,2788
3599,SAN LEONARDO DE YAGUE,2789
3600,SAN PEDRO MANRIQUE,2790
3601,SANTA MARIA DE HUERTA,2791
3602,SORIA,2792
3603,ALCANAR,2793
3604,ALCOVER,2794
3605,ALDEA (L'),2795
3606,ALFORJA,2796
3607,ALTAFULLA,2797
3608,AMETLLA DE MAR (L'),2798
3609,AMPOLLA (L'),2799
3610,AMPOSTA,2800
3611,ARBOÇ (L'),2801
3612,BATEA,2802
3613,BELLVEI,2803
3614,BENIFALLET,2804
3615,BENISSANET,2805
3616,BISBAL DEL PENEDES (LA),2806
3617,BOT,2807
3618,CALAFELL,2808
3619,SEGUR DE CALAFELL,2808
3620,CAMARLES,2809
3621,CAMBRILS,2810
3622,CATLLAR (EL),2811
3623,CONSTANTI,2812
3624,CORBERA D'EBRE,2813
3625,CORNUDELLA DE MONTSANT,2814
3626,CUNIT,2815
3627,DELTEBRE,2816
3628,ESPLUGA DE FRANCOLI (L'),2817
3629,FALSET,2818
3630,FATARELLA (LA),2819
3631,FLIX,2820
3632,GALERA (LA),2821
3633,GANDESA,2822
3634,HORTA DE SANT JOAN,2823
3635,LLORENÇ DEL PENEDES,2824
3636,MAS DE BARBERANS,2825
3637,MONTBLANC,2826
3638,MONTBRIO DEL CAMP,2827
3639,MONT-ROIG DEL CAMP,2828
3640,MIAMI PLAYA,2828
3641,MORA D'EBRE,2829
3642,MORA LA NOVA,2830
3643,MORELL (EL),2831
3644,PERAFORT,2832
3645,PERELLO (EL),2833
3646,PLA DE SANTA MARIA (EL),2834
3647,POBLA DE MAFUMET (LA),2835
3648,PRADES,2836
3649,RASQUERA,2837
3650,REUS,2838
3651,RIUDOMS,2839
3652,RODA DE BARA,2840
3653,ROQUETES,2841
3654,RAVAL DE CRISTO,2841
3655,SALOU,2842
3656,LA RÁPITA,2843
3657,SANT JAUME DELS DOMENYS,2844
3658,SANT JAUME D'ENVEJA,2845
3659,SANTA BARBARA,2846
3660,SANTA COLOMA DE QUERALT,2847
3661,SANTA OLIVA,2848
3662,SARRAL,2849
3663,SELVA DEL CAMP (LA),2850
3664,SENIA (LA),2851
3665,SOLIVELLA,2852
3666,TARRAGONA,2853
3667,CAMPSA,2853
3668,SANT PERE I SANT PAU,2853
3669,CANONJA (LA),2853
3670,TIVISSA,2854
3671,TORREDEMBARRA,2855
3672,TORTOSA,2856
3673,ULLDECONA,2857
3674,VALLS,2858
3675,VANDELLOS,2859
3676,HOSPITALET DE L'INFANT,2859
3677,VENDRELL (EL),2860
3678,MASOS DE COMA-RUGA (ELS),2860
3679,VILALBA DELS ARCS,2861
3680,VILALLONGA DEL CAMP,2862
3681,VILA-RODONA,2863
3682,VILA-SECA,2864
3683,VILAVERD,2865
3684,VINEBRE,2866
3685,VINYOLS I ELS ARCS,2867
3686,XERTA,2868
3687,AGUAVIVA,2869
3688,ALBA,2870
3689,ALBALATE DEL ARZOBISPO,2871
3690,ALBARRACIN,2872
3691,ALBENTOSA,2873
3692,ALCALA DE LA SELVA,2874
3693,ALCAÑIZ,2875
3694,ALCORISA,2876
3695,ALFAMBRA,2877
3696,ALIAGA,2878
3697,ANDORRA,2879
3698,BAÑON,2880
3699,BARRACHINA,2881
3700,BELLO,2882
3701,BLANCAS,2883
3702,CALAMOCHA,2884
3703,CALANDA,2885
3704,CAMARILLAS,2886
3705,CAMINREAL,2887
3706,CANTAVIEJA,2888
3707,CASTELSERAS,2889
3708,CELADAS,2890
3709,CELLA,2891
3710,CODOÑERA (LA),2892
3711,CRETAS,2893
3712,FERRERUELA DE HUERVA,2894
3713,FUENTES CALIENTES,2895
3714,FUENTES CLARAS,2896
3715,HIJAR,2897
3716,JARQUE DE LA VAL,2898
3717,MANZANERA,2899
3718,MAS DE LAS MATAS,2900
3719,MAZALEON,2901
3720,MEZQUITA DE JARQUE,2902
3721,MONREAL DEL CAMPO,2903
3722,MONROYO,2904
3723,MONTALBAN,2905
3724,MORA DE RUBIELOS,2906
3725,MUNIESA,2907
3726,ODON,2908
3727,OJOS NEGROS,2909
3728,ORIHUELA DEL TREMEDAL,2910
3729,ORRIOS,2911
3730,PANCRUDO,2912
3731,PEÑARROYA DE TASTAVINS,2913
3732,PERALES DEL ALFAMBRA,2914
3733,POBO (EL),2915
3734,PORTELLADA (LA),2916
3735,PUEBLA DE HIJAR (LA),2917
3736,PUEBLA DE VALVERDE (LA),2918
3737,RUBIELOS DE MORA,2919
3738,SANTA EULALIA,2920
3739,SARRION,2921
3740,TERUEL,2922
3741,SAN BLAS,2922
3742,CAUDE,2922
3743,CONCUD,2922
3744,TORNOS,2923
3745,TORRALBA DE LOS SISONES,2924
3746,TORRECILLA DE ALCAÑIZ,2925
3747,TORRIJO DEL CAMPO,2926
3748,UTRILLAS,2927
3749,VALDEALGORFA,2928
3750,VALDERROBRES,2929
3751,VALJUNQUERA,2930
3752,VILLAFRANCA DEL CAMPO,2931
3753,VILLARQUEMADO,2932
3754,VILLASTAR,2933
3755,VISIEDO,2934
3756,AJOFRIN,2935
3757,ALAMEDA DE LA SAGRA,2936
3758,ALBARREAL DE TAJO,2937
3759,ALCABON,2938
3760,ALCAUDETE DE LA JARA,2939
3761,ALCOLEA DE TAJO,2940
3762,BERCIAL (EL),2940
3763,ALMONACID DE TOLEDO,2941
3764,AÑOVER DE TAJO,2942
3765,ARGES,2943
3766,BARGAS,2944
3767,BELVIS DE LA JARA,2945
3768,BURGUILLOS DE TOLEDO,2946
3769,CABAÑAS DE LA SAGRA,2947
3770,CABEZAMESADA,2948
3771,CALERA Y CHOZAS,2949
3772,CALZADA DE OROPESA (LA),2950
3773,CAMARENA,2951
3774,CAMUÑAS,2952
3775,CARMENA,2953
3776,CARPIO DE TAJO (EL),2954
3777,CARRANQUE,2955
3778,CASAR DE ESCALONA (EL),2956
3779,CASARRUBIOS DEL MONTE,2957
3780,CASTILLO DE BAYUELA,2958
3781,CAZALEGAS,2959
3782,CEBOLLA,2960
3783,CEDILLO DEL CONDADO,2961
3784,CERRALBOS (LOS),2962
3785,CHOZAS DE CANALES,2963
3786,VAQUERIZO,2963
3787,COBISA,2964
3788,CONSUEGRA,2965
3789,CORRAL DE ALMAGUER,2966
3790,CUERVA,2967
3791,DOSBARRIOS,2968
3792,ESCALONA,2969
3793,ESCALONILLA,2970
3794,ESPINOSO DEL REY,2971
3795,ESQUIVIAS,2972
3796,FUENSALIDA,2973
3797,GALVEZ,2974
3798,GERINDOTE,2975
3799,GUADAMUR,2976
3800,GUARDIA (LA),2977
3801,HERRERUELA DE OROPESA,2978
3802,HUERTA DE VALDECARABANOS,2979
3803,ILLESCAS,2980
3804,LILLO,2981
3805,MADRIDEJOS,2982
3806,MALPICA DE TAJO,2983
3807,MAQUEDA,2984
3808,MASCARAQUE,2985
3809,MAZARAMBROZ,2986
3810,MENASALBAS,2987
3811,MENTRIDA,2988
3812,MIGUEL ESTEBAN,2989
3813,MOCEJON,2990
3814,MORA,2991
3815,NAMBROCA,2992
3816,NAVA DE RICOMALILLO (LA),2993
3817,NAVAHERMOSA,2994
3818,NAVALCAN,2995
3819,NAVALMORALES (LOS),2996
3820,NAVALUCILLOS (LOS),2997
3821,NOBLEJAS,2998
3822,NUMANCIA DE LA SAGRA,2999
3823,OCAÑA,3000
3824,OLIAS DEL REY,3001
3825,ONTIGOLA,3002
3826,ORGAZ,3003
3827,OROPESA,3004
3828,OTERO,3005
3829,PANTOJA,3006
3830,PEPINO,3007
3831,POLAN,3008
3832,PORTILLO DE TOLEDO,3009
3833,PUEBLA DE ALMORADIEL (LA),3010
3834,PUEBLA DE MONTALBAN (LA),3011
3835,PUEBLANUEVA (LA),3012
3836,PULGAR,3013
3837,QUERO,3014
3838,QUINTANAR DE LA ORDEN,3015
3839,REAL DE SAN VICENTE (EL),3016
3840,RECAS,3017
3841,ROMERAL (EL),3018
3842,SAN BARTOLOME DE LAS ABIERTAS,3019
3843,SAN MARTIN DE MONTALBAN,3020
3844,SAN MARTIN DE PUSA,3021
3845,SAN PABLO DE LOS MONTES,3022
3846,SANTA ANA DE PUSA,3023
3847,SANTA CRUZ DE LA ZARZA,3024
3848,SANTA CRUZ DEL RETAMAR,3025
3849,SANTA OLALLA,3026
3850,SANTO DOMINGO-CAUDILLA,3027
3851,SESEÑA,3028
3852,SESEÑA NUEVO,3028
3853,ESTACION (LA),3028
3854,PUERTO REY,3029
3855,SEVILLEJA DE LA JARA,3029
3856,SONSECA,3030
3857,TALAVERA DE LA REINA,3031
3858,BARRIO DE SANTA MARIA,3031
3859,TALAVERA LA NUEVA,3031
3860,CASAR DE TALAVERA (EL),3031
3861,TEMBLEQUE,3032
3862,TOBOSO (EL),3033
3863,TOLEDO,3034
3864,AZUCAICA,3034
3865,TORRE ESTEBAN HAMBRAN,3035
3866,TORRIJOS,3036
3867,TURLEQUE,3037
3868,UGENA,3038
3869,URDA,3039
3870,VALMOJADO,3040
3871,VENTAS CON PEÑA AGUILERA (LAS),3041
3872,VENTAS DE RETAMOSA (LAS),3042
3873,VILLA DE DON FADRIQUE (LA),3043
3874,VILLACAÑAS,3044
3875,VILLAFRANCA CABALLEROS,3045
3876,VILLALUENGA DE LA SAGRA,3046
3877,VILLAMIEL DE TOLEDO,3047
3878,VILLAMUELAS,3048
3879,VILLANUEVA DE ALCARDETE,3049
3880,VILLANUEVA DE BOGAS,3050
3881,VILLARRUBIA DE SANTIAGO,3051
3882,VILLASECA DE LA SAGRA,3052
3883,VILLASEQUILLA,3053
3884,VILLATOBAS,3054
3885,VISO DE SAN JUAN (EL),3055
3886,YEBENES (LOS),3056
3887,YELES,3057
3888,YEPES,3058
3889,YUNCLER,3059
3890,YUNCOS,3060
3891,ADEMUZ,3061
3892,AGULLENT,3062
3893,AIELO DE MALFERIT,3063
3894,ALAQUAS,3064
3895,ALBAIDA,3065
3896,ALBAL,3066
3897,ALBALAT DE LA RIBERA,3067
3898,ALBALAT DELS SORELLS,3068
3899,ALBERIC,3069
3900,ALBORACHE,3070
3901,ALBORAYA,3071
3902,ALBUIXECH,3072
3903,ALCASSER,3073
3904,ALCUDIA (L'),3074
3905,ALCUDIA DE CRESPINS (L'),3075
3906,ALDAIA,3076
3907,ALFAFAR,3077
3908,ALFARA DEL PATRIARCA,3078
3909,ALGEMESI,3079
3910,ALGIMIA DE ALFARA,3080
3911,ALGINET,3081
3912,ALMASSERA,3082
3913,ALMISERA,3083
3914,ALMOINES,3084
3915,ALMUSSAFES,3085
3916,ALPUENTE,3086
3917,ALQUERIA DE LA COMTESSA (L'),3087
3918,ALZIRA,3088
3919,ANNA,3089
3920,ARAS DE LOS OLMOS,3090
3921,ATZENETA D'ALBAIDA,3091
3922,AYORA,3092
3923,BARXETA,3093
3924,BELLREGUARD POBLE,3094
3925,BENAGUASIL,3095
3926,BENEIXIDA,3096
3927,BENIARJO,3097
3928,BENIFAIO,3098
3929,BENIGANIM,3099
3930,BENIPARRELL,3100
3931,BENISANO,3101
3932,BETERA,3102
3933,BARO (EL),3102
3934,BOCAIRENT,3103
3935,BUÑOL,3104
3936,BURJASSOT,3105
3937,CAMPORROBLES,3106
3938,CANALS,3107
3939,CANET D'EN BERENGUER,3108
3940,CARCAIXENT,3109
3941,CARLET,3110
3942,CASINOS,3111
3943,CASTELLO DE RUGAT,3112
3944,MAS DE JACINTO,3113
3945,CATADAU,3114
3946,CATARROJA,3115
3947,CAUDETE DE LAS FUENTES,3116
3948,CHELLA,3117
3949,CHELVA,3118
3950,CHESTE,3119
3951,CHIVA,3120
3952,CHULILLA,3121
3953,CORBERA,3122
3954,CULLERA,3123
3955,BULEVAR DEL XUQUER,3123
3956,DAIMUS,3124
3957,ELIANA (L'),3125
3958,ENGUERA,3126
3959,ESTIVELLA,3127
3960,FOIOS,3128
3961,FONT DE LA FIGUERA (LA),3129
3962,FONT D'EN CARROS (LA),3130
3963,FONTANARS DELS ALFORINS,3131
3964,FUENTERROBLES,3132
3965,GANDIA,3133
3966,GRAU I PLATJA,3133
3967,GENOVES,3134
3968,GODELLA,3135
3969,GODELLETA,3136
3970,GUADASSUAR,3137
3971,JALANCE,3138
3972,JARAFUEL,3139
3973,LLIRIA,3140
3974,LLOCNOU DE SANT JERONI,3141
3975,LLOSA DE RANES,3142
3976,LLUTXENT,3143
3977,LORIGUILLA,3144
3978,LOSA DEL OBISPO,3145
3979,MANISES,3146
3980,MARINES,3147
3981,MASALAVES,3148
3982,MASSALFASSAR,3149
3983,MASSAMAGRELL,3150
3984,MASSANASSA,3151
3985,MELIANA,3152
3986,MISLATA,3153
3987,MOGENTE/MOIXENT,3154
3988,MONCADA,3155
3989,MONSERRAT,3156
3990,MONTESA,3157
3991,MONTROY,3158
3992,MUSEROS,3159
3993,NAQUERA,3160
3994,NAVARRES,3161
3995,NOVELE-NOVETLE,3162
3996,OLIVA,3163
3997,OLLERIA (L'),3164
3998,OLOCAU,3165
3999,ONTINYENT,3166
4000,OTOS,3167
4001,PAIPORTA,3168
4002,PALMA DE GANDIA,3169
4003,PATERNA,3170
4004,CAÑADA (LA),3170
4005,POLIGONO FUENTE DEL JARRO,3170
4006,PICANYA,3171
4007,PICASSENT,3172
4008,POBLA DE FARNALS (LA),3173
4009,POBLA DE VALLBONA (LA),3174
4010,POBLA DEL DUC (LA),3175
4011,POBLA LLARGA (LA),3176
4012,POLINYA DE XUQUER,3177
4013,PUÇOL,3178
4014,ALFINACH,3178
4015,PUIG,3179
4016,QUART DE POBLET,3180
4017,BARRI DE PORTA,3180
4018,QUARTELL,3181
4019,QUATRETONDA,3182
4020,RAFELBUÑOL,3183
4021,REAL DE GANDIA,3184
4022,REQUENA,3185
4023,EL PONTON,3185
4024,CAMPO ARCIS,3185
4025,LOS ISIDROS,3185
4026,RIBA-ROJA DE TURIA,3186
4027,GALLIPONT,3186
4028,ROCAFORT,3187
4029,SAGUNTO,3188
4030,PUERTO (EL),3188
4031,ALMARDA,3188
4032,SAN ANTONIO DE BENAGEBER,3189
4033,SEDAVI,3190
4034,SIETE AGUAS,3191
4035,SILLA,3192
4036,SIMAT DE LA VALLDIGNA,3193
4037,SINARCAS,3194
4038,SOLLANA,3195
4039,SUECA,3196
4040,PERELLO (EL),3196
4041,MARENY DE BARRAQUETES,3196
4042,TAVERNES DE LA VALLDIGNA,3197
4043,TITAGUAS,3198
4044,TORRENT,3199
4045,MASIA DEL JUEZ,3199
4046,TURIS,3200
4047,UTIEL,3201
4048,CUEVAS (LAS),3201
4049,VALENCIA,3202
4050,CASAS DE BARCENA,3202
4051,MASARROCHOS,3202
4052,BENIMAMET-BENIFERRI,3202
4053,CASTELLAR-OLIVERAL,3202
4054,VALLADA,3203
4055,VILAMARXANT,3204
4056,VILLALONGA,3205
4057,CASTELLÓ DE LA RIBERA,3206
4058,VILLAR DEL ARZOBISPO,3207
4059,VILLARGORDO DEL CABRIEL,3208
4060,VINALESA,3209
4061,XATIVA,3210
4062,XERACO,3211
4063,XIRIVELLA,3212
4064,YATOVA,3213
4065,ALAEJOS,3214
4066,ALCAZAREN,3215
4067,ALDEAMAYOR DE SAN MARTIN,3216
4068,ARROYO DE LA ENCOMIENDA,3217
4069,FLECHA LA,3217
4070,ATAQUINES,3218
4071,BECILLA DE VALDERADUEY,3219
4072,BOBADILLA DEL CAMPO,3220
4073,BOECILLO,3221
4074,CABEZON DE PISUERGA,3222
4075,CAMPASPERO,3223
4076,CANALEJAS DE PEÑAFIEL,3224
4077,CASASOLA DE ARION,3225
4078,CASTREJON DE TRABANCOS,3226
4079,CASTRONUÑO,3227
4080,CASTROVERDE DE CERRATO,3228
4081,CIGALES,3229
4082,CISTERNIGA,3230
4083,COGECES DEL MONTE,3231
4084,CUBILLAS DE SANTA MARTA,3232
4085,ESGUEVILLAS DE ESGUEVA,3233
4086,ISCAR,3234
4087,LAGUNA DE DUERO,3235
4088,LANGAYO,3236
4089,MAYORGA,3237
4090,MEDINA DE RIOSECO,3238
4091,MEDINA DEL CAMPO,3239
4092,MOJADOS,3240
4093,MOTA DEL MARQUES,3241
4094,MUDARRA (LA),3242
4095,NAVA DEL REY,3243
4096,OLMEDO,3244
4097,PEDRAJA DE PORTILLO (LA),3245
4098,PEDRAJAS DE SAN ESTEBAN,3246
4099,PEDROSA DEL REY,3247
4100,PEÑAFIEL,3248
4101,PADILLA DE DUERO,3248
4102,ARRABAL DE PORTILLO,3249
4103,QUINTANILLA DE ONESIMO,3250
4104,RENEDO DE ESGUEVA,3251
4105,RUEDA,3252
4106,SAN MIGUEL DEL ARROYO,3253
4107,SAN MIGUEL DEL PINO,3254
4108,SAN PEDRO DE LATARCE,3255
4109,SAN VICENTE DEL PALACIO,3256
4110,SANTOVENIA DE PISUERGA,3257
4111,SARDON DE DUERO,3258
4112,SERRADA,3259
4113,SIETE IGLESIAS DE TRABANCOS,3260
4114,SIMANCAS,3261
4115,TORDEHUMOS,3262
4116,TORDESILLAS,3263
4117,VILLAVIEJA DEL CERRO,3263
4118,VILLAMARCIEL,3263
4119,TUDELA DE DUERO,3264
4120,VALLADOLID,3265
4121,NAVABUENA,3265
4122,PUENTE DUERO-ESPARRAGAL,3265
4123,VEGA DE VALDETRONCO,3266
4124,VILLALON DE CAMPOS,3267
4125,VILLANUBLA,3268
4126,VILLANUEVA DE LOS CABALLEROS,3269
4127,VILLARDEFRADES,3270
4128,ZARATAN,3271
4129,ZARATÁN,3271
4130,ALCAÑICES,3272
4131,ALMEIDA DE SAYAGO,3273
4132,ARCENILLAS,3274
4133,BENAVENTE,3275
4134,BERMILLO DE SAYAGO,3276
4135,BOVEDA DE TORO (LA),3277
4136,CAMARZANA DE TERA,3278
4137,CAÑIZAL,3279
4138,CARBAJALES DE ALBA,3280
4139,CASASECA DE LAS CHANAS,3281
4140,CASTRILLO DE LA GUAREÑA,3282
4141,CASTROGONZALO,3283
4142,COBREROS,3284
4143,CASTRO DE SANABRIA,3284
4144,CORRALES,3285
4145,CORRALES DEL VINO,3285
4146,CUBO DE TIERRA DEL VINO (EL),3286
4147,FERMOSELLE,3287
4148,FUENTESAUCO,3288
4149,GAMONES,3289
4150,GRANJA DE MORERUELA,3290
4151,PADORNELO,3291
4152,MICERECES DE TERA,3292
4153,MOMBUEY,3293
4154,MONFARRACINOS,3294
4155,MONTAMARTA,3295
4156,MORALEJA DEL VINO,3296
4157,MORALES DE TORO,3297
4158,MORALES DEL VINO,3298
4159,MUELAS DEL PAN,3299
4160,OTERO DE BODAS,3300
4161,PERERUELA,3301
4162,QUINTANILLA DE URZ,3302
4163,QUIRUELAS DE VIDRIALES,3303
4164,SEJAS DE ALISTE,3304
4165,SAMPIL,3305
4166,SAN CRISTOBAL DE ENTREVIÑAS,3306
4167,SAN ESTEBAN DEL MOLAR,3307
4168,SAN VITERO,3308
4169,SANTA MARIA DE LA VEGA,3309
4170,SANTOVENIA,3310
4171,SANZOLES,3311
4172,TORO,3312
4173,TORRE DEL VALLE (LA),3313
4174,TRABAZOS,3314
4175,VILLABRAZARO,3315
4176,VILLAFAFILA,3316
4177,VILLALPANDO,3317
4178,VILLANUEVA DEL CAMPO,3318
4179,VILLARRIN DE CAMPOS,3319
4180,ZAMORA,3320
4181,AGON,3321
4182,AGUARON,3322
4183,AINZON,3323
4184,ALAGON,3324
4185,ALFAJARIN,3325
4186,ALFAMEN,3326
4187,ALMOLDA (LA),3327
4188,ALMUNIA DE DOÑA GODINA (LA),3328
4189,AMBEL,3329
4190,ARIZA,3330
4191,ATECA,3331
4192,AZUARA,3332
4193,BELCHITE,3333
4194,BIOTA,3334
4195,BORJA,3335
4196,BREA DE ARAGON,3336
4197,BUJARALOZ,3337
4198,BURGO DE EBRO (EL),3338
4199,BUSTE (EL),3339
4200,CADRETE,3340
4201,CALATAYUD,3341
4202,CALATORAO,3342
4203,CARIÑENA,3343
4204,CASPE,3344
4205,CASTEJON DE VALDEJASA,3345
4206,CASTILISCAR,3346
4207,CERVERA DE LA CAÑADA,3347
4208,CETINA,3348
4209,CUARTE DE HUERVA,3349
4210,CUBEL,3350
4211,DAROCA,3351
4212,EJEA DE LOS CABALLEROS,3352
4213,SABINAR (EL),3352
4214,VALAREÑA,3352
4215,BAYO (EL),3352
4216,PINSORO,3352
4217,BARDENA DEL CAUDILLO,3352
4218,SANTA ANASTASIA,3352
4219,RIVAS,3352
4220,EPILA,3353
4221,ERLA,3354
4222,ESCATRON,3355
4223,FABARA,3356
4224,FARLETE,3357
4225,FAYON,3358
4226,FRASNO (EL),3359
4227,FUENDEJALON,3360
4228,FUENTES DE EBRO,3361
4229,GALLOCANTA,3362
4230,GALLUR,3363
4231,GELSA,3364
4232,HERRERA DE LOS NAVARROS,3365
4233,ILLUECA,3366
4234,JOYOSA (LA),3367
4235,LANGA DEL CASTILLO,3368
4236,LECERA,3369
4237,LECIÑENA,3370
4238,LUESIA,3371
4239,LUMPIAQUE,3372
4240,LUNA,3373
4241,MAELLA,3374
4242,MAGALLON,3375
4243,MAINAR,3376
4244,MALLEN,3377
4245,MARIA DE HUERVA,3378
4246,MONEGRILLO,3379
4247,MONREAL DE ARIZA,3380
4248,MUEL,3381
4249,MUELA (LA),3382
4250,MUNEBREGA,3383
4251,NONASPE,3384
4252,NOVALLAS,3385
4253,PEDROLA,3386
4254,PERDIGUERA,3387
4255,PINA DE EBRO,3388
4256,PINSEQUE,3389
4257,POZUELO DE ARAGON,3390
4258,PUEBLA DE ALFINDEN (LA),3391
4259,QUINTO,3392
4260,REMOLINOS,3393
4261,RICLA,3394
4262,SABIÑAN,3395
4263,SADABA,3396
4264,SAN MATEO DE GALLEGO,3397
4265,SASTAGO,3398
4266,SIERRA DE LUNA,3399
4267,SOBRADIEL,3400
4268,SOS DEL REY CATOLICO,3401
4269,TABUENCA,3402
4270,TARAZONA,3403
4271,TAUSTE,3404
4272,SANTA ENGRACIA,3404
4273,URREA DE JALON,3405
4274,USED,3406
4275,UTEBO,3407
4276,VALPALMAS,3408
4277,VELILLA DE EBRO,3409
4278,VILLADOZ,3410
4279,VILLAMAYOR DE GALLEGO,3411
4280,VILLANUEVA DE GALLEGO,3412
4281,COMERCIO (EL),3412
4282,VILLANUEVA DE HUERVA,3413
4283,VILLARREAL DE HUERVA,3414
4284,VILLARROYA DE LA SIERRA,3415
4285,ZARAGOZA,3416
4286,CARTUJA BAJA,3416
4287,SAN JUAN DE MOZARRIFAR,3416
4288,PEÑAFLOR,3416
4289,VILLAMAYOR,3416
4290,MOVERA,3416
4291,GARRAPINILLOS,3416
4292,VILLARRAPA,3416
4293,ZUERA,3417
4294,ONTINAR DE SALZ,3417
4295,RAPITA (SA),417
4296,CALA RATJADA,418
4297,FORNELLS,432
4298,PORT DE POLLENÇA,438
4299,CALA FIGUERA,451
4300,CALA BONA,455
4301,GARRAF,616
4302,ONDARROA,3418
4303,PEDREÑA,904
4304,CAMARIÑAS,1149
4305,FISTERRA,3419
4306,PORTOSIN,1198
4307,GETARIA,3420
4308,PASAI DONIBANE,1338
4309,SELVA DE MAR (LA) NUCLI,3421
4310,CELEIRO,2006
4311,CALETA DE VELEZ,2173
4312,PUERTO CALERO,2439
4313,BUEU,2444
4314,PORTONOVO,2484
