id_municipio,nombre,id_provincia
1,ABENGIBRE,1
2,ALATOZ,1
3,ALBACETE,1
4,ALCADOZO,1
5,ALCALÁ DEL JÚCAR,1
6,ALCARAZ,1
7,ALMANSA,1
8,ALPERA,1
9,BALAZOTE,1
10,BARRAX,1
11,BIENSERVIDA,1
12,BONETE,1
13,BONILLO (EL),1
14,CASAS DE JUAN NÚÑEZ,1
15,CASAS DE VES,1
16,CASAS-IBÁÑEZ,1
17,CAUDETE,1
18,CENIZATE,1
19,CHINCHILLA DE MONTE-ARAGÓN,1
20,ELCHE DE LA SIERRA,1
21,FUENTE-ÁLAMO,1
22,FUENTEALBILLA,1
23,GINETA (LA),1
24,GOLOSALVO,1
25,HELLÍN,1
26,HIGUERUELA,1
27,HOYA-GONZALO,1
28,LETUR,1
29,LEZUZA,1
30,MADRIGUERAS,1
31,MAHORA,1
32,MINAYA,1
33,MONTEALEGRE DEL CASTILLO,1
34,MOTILLEJA,1
35,MUNERA,1
36,NAVAS DE JORQUERA,1
37,NERPIO,1
38,ONTUR,1
39,OSSA DE MONTIEL,1
40,PEÑAS DE SAN PEDRO,1
41,PÉTROLA,1
42,POZO CAÑADA,1
43,POZOHONDO,1
44,POZO-LORENTE,1
45,POZUELO,1
46,RIÓPAR,1
47,ROBLEDO,1
48,RODA (LA),1
49,SOCOVOS,1
50,TARAZONA DE LA MANCHA,1
51,TOBARRA,1
52,VALDEGANGA,1
53,VILLALGORDO DEL JÚCAR,1
54,VILLAMALEA,1
55,VILLAPALACIOS,1
56,VILLARROBLEDO,1
57,YESTE,1
58,AGOST,2
59,ALBATERA,2
60,ALCALALÍ,2
61,ALCOY/ALCOI,2
62,ALFÀS DEL PI (L'),2
63,ALGORFA,2
64,ALGUEÑA,2
65,ALICANTE/ALACANT,2
66,ALMORADÍ,2
67,ALTEA,2
68,ASPE,2
69,BANYERES DE MARIOLA,2
70,BENEIXAMA,2
71,BENEJÚZAR,2
72,BENIDORM,2
73,BENIJÓFAR,2
74,BENISSA,2
75,BENITACHELL/POBLE NOU DE BENITATXELL (EL),2
76,BIAR,2
77,BIGASTRO,2
78,BUSOT,2
79,CALLOSA DE SEGURA,2
80,CALLOSA D'EN SARRIÀ,2
81,CALPE/CALP,2
82,CAMPELLO (EL),2
83,CAÑADA,2
84,CASTALLA,2
85,CATRAL,2
86,COCENTAINA,2
87,COX,2
88,CREVILLENT,2
89,DÉNIA,2
90,DOLORES,2
91,ELCHE/ELX,2
92,ELDA,2
93,FINESTRAT,2
94,FORMENTERA DEL SEGURA,2
95,GATA DE GORGOS,2
96,GRANJA DE ROCAMORA,2
97,GUARDAMAR DEL SEGURA,2
98,HONDÓN DE LAS NIEVES,2
99,HONDÓN DE LOS FRAILES,2
100,IBI,2
101,JACARILLA,2
102,JALÓN/XALÓ,2
103,JÁVEA/XÀBIA,2
104,JIJONA/XIXONA,2
105,MONFORTE DEL CID,2
106,MONÓVAR/MONÒVER,2
107,MONTESINOS (LOS),2
108,MURO DE ALCOY,2
109,MUTXAMEL,2
110,NOVELDA,2
111,NUCIA (LA),2
112,ONDARA,2
113,ONIL,2
114,ORBA,2
115,ORIHUELA,2
116,PEDREGUER,2
117,PEGO,2
118,PETRER,2
119,PILAR DE LA HORADADA,2
120,PINOSO,2
121,REDOVÁN,2
122,ROJALES,2
123,SALINAS,2
124,SAN FULGENCIO,2
125,SAN ISIDRO,2
126,SAN MIGUEL DE SALINAS,2
127,SAN VICENTE DEL RASPEIG/SANT VICENT DEL RASPEIG,2
128,SANT JOAN D'ALACANT,2
129,SANTA POLA,2
130,SAX,2
131,TEULADA,2
132,TIBI,2
133,TORREVIEJA,2
134,VERGER (EL),2
135,VILLAJOYOSA/VILA JOIOSA (LA),2
136,VILLENA,2
137,ABLA,3
138,ADRA,3
139,ALBOX,3
140,ALHAMA DE ALMERÍA,3
141,ALMERÍA,3
142,ANTAS,3
143,ARBOLEAS,3
144,BENAHADUX,3
145,BERJA,3
146,CANJÁYAR,3
147,CANTORIA,3
148,CARBONERAS,3
149,CHIRIVEL,3
150,CUEVAS DEL ALMANZORA,3
151,DALÍAS,3
152,EJIDO (EL),3
153,FIÑANA,3
154,FINES,3
155,GÁDOR,3
156,GALLARDOS (LOS),3
157,GARRUCHA,3
158,GÉRGAL,3
159,HUÉRCAL DE ALMERÍA,3
160,HUÉRCAL-OVERA,3
161,LÁUJAR DE ANDARAX,3
162,LUBRÍN,3
163,MACAEL,3
164,MARÍA,3
165,MOJÁCAR,3
166,MOJONERA (LA),3
167,NACIMIENTO,3
168,NÍJAR,3
169,OLULA DEL RÍO,3
170,ORIA,3
171,PULPÍ,3
172,PURCHENA,3
173,RIOJA,3
174,ROQUETAS DE MAR,3
175,SANTA FE DE MONDÚJAR,3
176,SERÓN,3
177,SORBAS,3
178,TABERNAS,3
179,TAHAL,3
180,TÍJOLA,3
181,TURRE,3
182,VÉLEZ-BLANCO,3
183,VÉLEZ-RUBIO,3
184,VERA,3
185,VIATOR,3
186,VÍCAR,3
187,ZURGENA,3
188,ALEGRÍA-DULANTZI,4
189,AMURRIO,4
190,ARRAIA-MAEZTU,4
191,ARRAZUA-UBARRUNDIA,4
192,ARTZINIEGA,4
193,ASPARRENA,4
194,CAMPEZO/KANPEZU,4
195,ELBURGO/BURGELU,4
196,IRUÑA OKA/IRUÑA DE OCA,4
197,LABASTIDA,4
198,LAGUARDIA,4
199,LANTARÓN,4
200,LLODIO,4
201,OYÓN/OION,4
202,RIBERA ALTA,4
203,RIBERA BAJA/ERRIBERA BEITIA,4
204,SALVATIERRA/AGURAIN,4
205,SAN MILLÁN/DONEMILIAGA,4
206,VITORIA-GASTEIZ,4
207,ZUIA,4
208,ALLANDE,5
209,ALLER,5
210,AVILÉS,5
211,BELMONTE DE MIRANDA,5
212,BOAL,5
213,CABRALES,5
214,CANGAS DE ONÍS,5
215,CANGAS DEL NARCEA,5
216,CARREÑO,5
217,CASTRILLÓN,5
218,CASTROPOL,5
219,COAÑA,5
220,COLUNGA,5
221,CORVERA DE ASTURIAS,5
222,CUDILLERO,5
223,FRANCO (EL),5
224,GIJÓN,5
225,GOZÓN,5
226,GRADO,5
227,GRANDAS DE SALIME,5
228,IBIAS,5
229,LANGREO,5
230,LAVIANA,5
231,LENA,5
232,LLANERA,5
233,LLANES,5
234,MIERES,5
235,MORCÍN,5
236,MUROS DE NALÓN,5
237,NAVA,5
238,NAVIA,5
239,NOREÑA,5
240,OVIEDO,5
241,PARRES,5
242,PEÑAMELLERA BAJA,5
243,PILOÑA,5
244,PRAVIA,5
245,PROAZA,5
246,RIBADEDEVA,5
247,RIBADESELLA,5
248,RIBERA DE ARRIBA,5
249,SALAS,5
250,SAN MARTÍN DE OSCOS,5
251,SAN MARTÍN DEL REY AURELIO,5
252,SAN TIRSO DE ABRES,5
253,SIERO,5
254,SOTO DEL BARCO,5
255,TAPIA DE CASARIEGO,5
256,TEVERGA,5
257,TINEO,5
258,VALDÉS,5
259,VEGADEO,5
260,VILLAVICIOSA,5
261,ADANERO,6
262,ADRADA (LA),6
263,ALDEASECA,6
264,ARENAS DE SAN PEDRO,6
265,ARÉVALO,6
266,ÁVILA,6
267,BARCO DE ÁVILA (EL),6
268,BARRACO (EL),6
269,BLASCOSANCHO,6
270,BURGOHONDO,6
271,CANDELEDA,6
272,CEBREROS,6
273,COLILLA (LA),6
274,CRESPOS,6
275,ESPINOSA DE LOS CABALLEROS,6
276,FONTIVEROS,6
277,HERNANSANCHO,6
278,HOYO DE PINARES (EL),6
279,MADRIGAL DE LAS ALTAS TORRES,6
280,MINGORRÍA,6
281,MOMBELTRÁN,6
282,MUÑANA,6
283,MUÑICO,6
284,MUÑOGRANDE,6
285,NAVA DE ARÉVALO,6
286,NAVALPERAL DE PINARES,6
287,NAVALUENGA,6
288,NAVARREDONDA DE GREDOS,6
289,NAVARREDONDILLA,6
290,NAVAS DEL MARQUÉS (LAS),6
291,ORBITA,6
292,PALACIOS DE GODA,6
293,PEDRO BERNARDO,6
294,PIEDRAHÍTA,6
295,SAN ESTEBAN DEL VALLE,6
296,SAN PEDRO DEL ARROYO,6
297,SANCHIDRIÁN,6
298,SOLOSANCHO,6
299,SOTILLO DE LA ADRADA,6
300,TIEMBLO (EL),6
301,TORRE (LA),6
302,VELAYOS,6
303,VILLANUEVA DEL ACERAL,6
304,ACEDERA,7
305,ACEUCHAL,7
306,AHILLONES,7
307,ALANGE,7
308,ALBUERA (LA),7
309,ALBURQUERQUE,7
310,ALCONCHEL,7
311,ALMENDRAL,7
312,ALMENDRALEJO,7
313,ARROYO DE SAN SERVÁN,7
314,AZUAGA,7
315,BADAJOZ,7
316,BARCARROTA,7
317,BERLANGA,7
318,BIENVENIDA,7
319,BURGUILLOS DEL CERRO,7
320,CABEZA DEL BUEY,7
321,CABEZA LA VACA,7
322,CALAMONTE,7
323,CALERA DE LEÓN,7
324,CALZADILLA DE LOS BARROS,7
325,CAMPANARIO,7
326,CAMPILLO DE LLERENA,7
327,CASAS DE DON PEDRO,7
328,CASTILBLANCO,7
329,CASTUERA,7
330,CODOSERA (LA),7
331,CORDOBILLA DE LÁCARA,7
332,CORONADA (LA),7
333,CORTE DE PELEAS,7
334,DON BENITO,7
335,ESPARRAGALEJO,7
336,FREGENAL DE LA SIERRA,7
337,FUENLABRADA DE LOS MONTES,7
338,FUENTE DE CANTOS,7
339,FUENTE DEL ARCO,7
340,FUENTE DEL MAESTRE,7
341,FUENTES DE LEÓN,7
342,GRANJA DE TORREHERMOSA,7
343,GUAREÑA,7
344,HERRERA DEL DUQUE,7
345,HIGUERA DE LA SERENA,7
346,HIGUERA DE VARGAS,7
347,HIGUERA LA REAL,7
348,HORNACHOS,7
349,JEREZ DE LOS CABALLEROS,7
350,LLERENA,7
351,LOBÓN,7
352,MAGUILLA,7
353,MEDELLÍN,7
354,MEDINA DE LAS TORRES,7
355,MÉRIDA,7
356,MONESTERIO,7
357,MONTEMOLÍN,7
358,MONTERRUBIO DE LA SERENA,7
359,MONTIJO,7
360,NAVA DE SANTIAGO (LA),7
361,NAVALVILLAR DE PELA,7
362,OLIVA DE LA FRONTERA,7
363,OLIVENZA,7
364,ORELLANA LA VIEJA,7
365,PEÑALSORDO,7
366,PUEBLA DE ALCOCER,7
367,PUEBLA DE LA CALZADA,7
368,PUEBLA DE OBANDO,7
369,PUEBLA DE SANCHO PÉREZ,7
370,PUEBLA DEL MAESTRE,7
371,PUEBLONUEVO DEL GUADIANA,7
372,QUINTANA DE LA SERENA,7
373,RIBERA DEL FRESNO,7
374,ROCA DE LA SIERRA (LA),7
375,SALVALEÓN,7
376,SAN PEDRO DE MÉRIDA,7
377,SAN VICENTE DE ALCÁNTARA,7
378,SANTA AMALIA,7
379,SANTA MARTA,7
380,SANTOS DE MAIMONA (LOS),7
381,SEGURA DE LEÓN,7
382,SIRUELA,7
383,SOLANA DE LOS BARROS,7
384,TALARRUBIAS,7
385,TALAVERA LA REAL,7
386,TORRE DE MIGUEL SESMERO,7
387,TORREMEJÍA,7
388,USAGRE,7
389,VALDECABALLEROS,7
390,VALDELACALZADA,7
391,VALENCIA DE LAS TORRES,7
392,VALENCIA DEL MOMBUEY,7
393,VALENCIA DEL VENTOSO,7
394,VALLE DE LA SERENA,7
395,VALLE DE SANTA ANA,7
396,VALVERDE DE MÉRIDA,7
397,VILLAFRANCA DE LOS BARROS,7
398,VILLAGONZALO,7
399,VILLALBA DE LOS BARROS,7
400,VILLANUEVA DE LA SERENA,7
401,VILLANUEVA DEL FRESNO,7
402,VILLAR DE RENA,7
403,VILLAR DEL REY,7
404,ZAFRA,7
405,ZALAMEA DE LA SERENA,7
406,ZARZA (LA),7
407,ALAIOR,8
408,ALARÓ,8
409,ALCÚDIA,8
410,ALGAIDA,8
411,ANDRATX,8
412,ARTÀ,8
413,BINISSALEM,8
414,BUNYOLA,8
415,CALVIÀ,8
416,CAMPANET,8
417,CAMPOS,8
418,CAPDEPERA,8
419,CIUTADELLA DE MENORCA,8
420,EIVISSA,8
421,ESCORCA,8
422,ESPORLES,8
423,FELANITX,8
424,FERRERIES,8
425,FORMENTERA,8
426,INCA,8
427,LLOSETA,8
428,LLUCMAJOR,8
429,MAHÓN,8
430,MANACOR,8
431,MARRATXÍ,8
432,MERCADAL (ES),8
433,MONTUÏRI,8
434,MURO,8
435,PALMA DE MALLORCA,8
436,PETRA,8
437,POBLA (SA),8
438,POLLENÇA,8
439,PORRERES,8
440,SALINES (SES),8
441,SANT ANTONI DE PORTMANY,8
442,SANT JOAN,8
443,SANT JOAN DE LABRITJA,8
444,SANT JOSEP DE SA TALAIA,8
445,SANT LLORENÇ DES CARDASSAR,8
446,SANT LLUÍS,8
447,SANTA EUGÈNIA,8
448,SANTA EULALIA DEL RÍO,8
449,SANTA MARGALIDA,8
450,SANTA MARÍA DEL CAMÍ,8
451,SANTANYÍ,8
452,SENCELLES,8
453,SINEU,8
454,SÓLLER,8
455,SON SERVERA,8
456,VALLDEMOSSA,8
457,VILAFRANCA DE BONANY,8
458,ABRERA,9
459,ALELLA,9
460,AMETLLA DEL VALLÈS (L'),9
461,ARENYS DE MAR,9
462,ARENYS DE MUNT,9
463,ARGENTONA,9
464,ARTÉS,9
465,AVINYÓ,9
466,BADALONA,9
467,BADIA DEL VALLÈS,9
468,BALSARENY,9
469,BARBERÀ DEL VALLÈS,9
470,BARCELONA,9
471,BEGUES,9
472,BERGA,9
473,BIGUES I RIELLS,9
474,BRUC (EL),9
475,CABRERA DE MAR,9
476,CABRILS,9
477,CALAF,9
478,CALDERS,9
479,CALDES DE MONTBUI,9
480,CALELLA,9
481,CALLDETENES,9
482,CANET DE MAR,9
483,CANOVELLES,9
484,CANYELLES,9
485,CARDEDEU,9
486,CARDONA,9
487,CASTELLAR DEL VALLÈS,9
488,CASTELLBELL I EL VILAR,9
489,CASTELLBISBAL,9
490,CASTELLDEFELS,9
491,CASTELLET I LA GORNAL,9
492,CASTELLGALÍ,9
493,CASTELLTERÇOL,9
494,CENTELLES,9
495,CERCS,9
496,CERDANYOLA DEL VALLÈS,9
497,CERVELLÓ,9
498,COLLBATÓ,9
499,CORNELLÀ DE LLOBREGAT,9
500,CUBELLES,9
501,DOSRIUS,9
502,ESPARREGUERA,9
503,ESPLUGUES DE LLOBREGAT,9
504,FOGARS DE LA SELVA,9
505,FRANQUESES DEL VALLÈS (LES),9
506,GARRIGA (LA),9
507,GAVÀ,9
508,GELIDA,9
509,GIRONELLA,9
510,GRANADA (LA),9
511,GRANOLLERS,9
512,GUALBA,9
513,GUARDIOLA DE BERGUEDÀ,9
514,GURB,9
515,HOSPITALET DE LLOBREGAT (L'),9
516,IGUALADA,9
517,JORBA,9
518,LLAGOSTA (LA),9
519,LLIÇÀ D'AMUNT,9
520,LLIÇÀ DE VALL,9
521,LLINARS DEL VALLÈS,9
522,MALGRAT DE MAR,9
523,MALLA,9
524,MANLLEU,9
525,MANRESA,9
526,MARTORELL,9
527,MASIES DE VOLTREGÀ (LES),9
528,MASNOU (EL),9
529,MASQUEFA,9
530,MATARÓ,9
531,MOIÀ,9
532,MOLINS DE REI,9
533,MOLLET DEL VALLÈS,9
534,MONISTROL DE MONTSERRAT,9
535,MONTCADA I REIXAC,9
536,MONTGAT,9
537,MONTMANEU,9
538,MONTMELÓ,9
539,MONTORNÈS DEL VALLÈS,9
540,MONTSENY,9
541,NAVARCLES,9
542,NAVÀS,9
543,ÒDENA,9
544,OLÈRDOLA,9
545,OLESA DE MONTSERRAT,9
546,OLOST,9
547,PACS DEL PENEDÈS,9
548,PALAFOLLS,9
549,PALAU-SOLITÀ I PLEGAMANS,9
550,PALLEJÀ,9
551,PALMA DE CERVELLÓ (LA),9
552,PAPIOL (EL),9
553,PARETS DEL VALLÈS,9
554,PIERA,9
555,PINEDA DE MAR,9
556,PLA DEL PENEDÈS (EL),9
557,POBLA DE CLARAMUNT (LA),9
558,POBLA DE LILLET (LA),9
559,POLINYÀ,9
560,PONT DE VILOMARA I ROCAFORT (EL),9
561,PRAT DE LLOBREGAT (EL),9
562,PRATS DE LLUÇANÈS,9
563,PREMIÀ DE DALT,9
564,PREMIÀ DE MAR,9
565,PUIG-REIG,9
566,RIPOLLET,9
567,ROCA DEL VALLÈS (LA),9
568,RODA DE TER,9
569,RUBÍ,9
570,SABADELL,9
571,SALDES,9
572,SALLENT,9
573,SANT ADRIÀ DE BESÒS,9
574,SANT ANDREU DE LA BARCA,9
575,SANT ANDREU DE LLAVANERES,9
576,SANT ANTONI DE VILAMAJOR,9
577,SANT BOI DE LLOBREGAT,9
578,SANT CELONI,9
579,SANT CUGAT DEL VALLÈS,9
580,SANT CUGAT SESGARRIGUES,9
581,SANT ESTEVE SESROVIRES,9
582,SANT FELIU DE LLOBREGAT,9
583,SANT FOST DE CAMPSENTELLES,9
584,SANT FRUITÓS DE BAGES,9
585,SANT ISCLE DE VALLALTA,9
586,SANT JOAN DE VILATORRADA,9
587,SANT JOAN DESPÍ,9
588,SANT JUST DESVERN,9
589,SANT LLORENÇ D'HORTONS,9
590,SANT MARTÍ D'ALBARS,9
591,SANT MARTÍ SARROCA,9
592,SANT PERE DE RIBES,9
593,SANT PERE DE RIUDEBITLLES,9
594,SANT PERE DE TORELLÓ,9
595,SANT PERE SALLAVINERA,9
596,SANT POL DE MAR,9
597,SANT QUIRZE DEL VALLÈS,9
598,SANT QUIRZE SAFAJA,9
599,SANT SADURNÍ D'ANOIA,9
600,SANT SALVADOR DE GUARDIOLA,9
601,SANT VICENÇ DE CASTELLET,9
602,SANT VICENÇ DE MONTALT,9
603,SANT VICENÇ DE TORELLÓ,9
604,SANT VICENÇ DELS HORTS,9
605,SANTA COLOMA DE GRAMENET,9
606,SANTA EULÀLIA DE RONÇANA,9
607,SANTA MARGARIDA DE MONTBUI,9
608,SANTA MARGARIDA I ELS MONJOS,9
609,SANTA MARIA DE MIRALLES,9
610,SANTA MARIA DE PALAUTORDERA,9
611,SANTA PERPÈTUA DE MOGODA,9
612,SANTA SUSANNA,9
613,SANTPEDOR,9
614,SENTMENAT,9
615,SEVA,9
616,SITGES,9
617,SUBIRATS,9
618,SÚRIA,9
619,TAGAMANENT,9
620,TEIÀ,9
621,TERRASSA,9
622,TONA,9
623,TORDERA,9
624,TORELLÓ,9
625,TORRE DE CLARAMUNT (LA),9
626,TORRELLES DE LLOBREGAT,9
627,VACARISSES,9
628,VALLGORGUINA,9
629,VALLIRANA,9
630,VALLROMANES,9
631,VIC,9
632,VILADECANS,9
633,VILADECAVALLS,9
634,VILAFRANCA DEL PENEDÈS,9
635,VILANOVA DEL VALLÈS,9
636,VILANOVA I LA GELTRÚ,9
637,VILASSAR DE DALT,9
638,VILASSAR DE MAR,9
639,ABADIÑO,10
640,ABANTO Y CIÉRVANA-ABANTO ZIERBENA,10
641,ALONSOTEGI,10
642,AMOREBIETA-ETXANO,10
643,ARRIGORRIAGA,10
644,ARTEA,10
645,BAKIO,10
646,BALMASEDA,10
647,BARAKALDO,10
648,BASAURI,10
649,BERANGO,10
650,BERMEO,10
651,BERRIZ,10
652,BILBAO,10
653,DERIO,10
654,DURANGO,10
655,ELORRIO,10
656,ERANDIO,10
657,"ETXEBARRI, ANTEIGLESIA DE SAN ESTEBAN-ETXEBARRI DONEZTEBEKO",10
658,GALDAKAO,10
659,GERNIKA-LUMO,10
660,GETXO,10
661,GORDEXOLA,10
662,GORLIZ,10
663,GÜEÑES,10
664,IGORRE,10
665,IURRETA,10
666,IZURTZA,10
667,KARRANTZA HARANA/VALLE DE CARRANZA,10
668,LARRABETZU,10
669,LEIOA,10
670,LEKEITIO,10
671,LEMOA,10
672,LOIU,10
673,MALLABIA,10
674,MARKINA-XEMEIN,10
675,MUNDAKA,10
676,MUNGIA,10
677,MUXIKA,10
678,OROZKO,10
679,ORTUELLA,10
680,OTXANDIO,10
681,PLENTZIA,10
682,PORTUGALETE,10
683,SANTURTZI,10
684,SESTAO,10
685,SOPELANA,10
686,SOPUERTA,10
687,UGAO-MIRABALLES,10
688,URDULIZ,10
689,URDUÑA-ORDUÑA,10
690,VALLE DE TRÁPAGA-TRAPAGARAN,10
691,ZALLA,10
692,ZAMUDIO,10
693,ZEANURI,10
694,ZIERBENA,10
695,AMEYUGO,11
696,ARANDA DE DUERO,11
697,ARCOS,11
698,BALBASES (LOS),11
699,BASCONCILLOS DEL TOZO,11
700,BELORADO,11
701,BERBERANA,11
702,BRIVIESCA,11
703,BUNIEL,11
704,BURGOS,11
705,CALERUEGA,11
706,CARCEDO DE BURGOS,11
707,CARDEÑAJIMENO,11
708,CASTRILLO DE LA VEGA,11
709,CASTROJERIZ,11
710,CILLERUELO DE ABAJO,11
711,CONDADO DE TREVIÑO,11
712,ESPINOSA DE LOS MONTEROS,11
713,ESTÉPAR,11
714,FONTIOSO,11
715,FRANDOVÍNEZ,11
716,FUENTECÉN,11
717,FUENTESPINA,11
718,GUMIEL DE IZÁN,11
719,HUERTA DE REY,11
720,LERMA,11
721,MADRIGALEJO DEL MONTE,11
722,MEDINA DE POMAR,11
723,MELGAR DE FERNAMENTAL,11
724,MERINDAD DE MONTIJA,11
725,MERINDAD DE RÍO UBIERNA,11
726,MERINDAD DE SOTOSCUEVA,11
727,MILAGROS,11
728,MIRANDA DE EBRO,11
729,OLMEDILLO DE ROA,11
730,OÑA,11
731,OQUILLAS,11
732,PALACIOS DE LA SIERRA,11
733,PARDILLA,11
734,PUEBLA DE ARGANZÓN (LA),11
735,QUINTANAPALLA,11
736,QUINTANAR DE LA SIERRA,11
737,QUINTANILLA VIVAR,11
738,QUINTANILLAS (LAS),11
739,REVILLA Y AHEDO (LA),11
740,ROA,11
741,RUBENA,11
742,SALAS DE LOS INFANTES,11
743,SANTA MARÍA DEL CAMPO,11
744,SARRACÍN,11
745,SASAMÓN,11
746,SOTRESGUDO,11
747,TRESPADERNE,11
748,VADOCONDES,11
749,VALLE DE LOSA,11
750,VALLE DE MENA,11
751,VALLE DE SEDANO,11
752,VALLE DE TOBALINA,11
753,VALLE DE VALDEBEZANA,11
754,VALLE DE VALDELUCIO,11
755,VILLADIEGO,11
756,VILLAGONZALO PEDERNALES,11
757,VILLALBILLA DE BURGOS,11
758,VILLALMANZO,11
759,VILLANUEVA DE ARGAÑO,11
760,VILLAQUIRÁN DE LOS INFANTES,11
761,VILLARCAYO DE MERINDAD DE CASTILLA LA VIEJA,11
762,VILLAZOPEQUE,11
763,AHIGAL,12
764,ALCÁNTARA,12
765,ALCUÉSCAR,12
766,ALDEA DEL CANO,12
767,ALDEANUEVA DEL CAMINO,12
768,ALISEDA,12
769,ALMARAZ,12
770,ALMOHARÍN,12
771,ARROYO DE LA LUZ,12
772,ARROYOMOLINOS,12
773,BAÑOS DE MONTEMAYOR,12
774,BARRADO,12
775,BELVÍS DE MONROY,12
776,BROZAS,12
777,CABEZUELA DEL VALLE,12
778,CÁCERES,12
779,CAMINOMORISCO,12
780,CAMPO LUGAR,12
781,CAÑAVERAL,12
782,CASAR DE CÁCERES,12
783,CASAS DE DON GÓMEZ,12
784,CASTAÑAR DE IBOR,12
785,CECLAVÍN,12
786,CILLEROS,12
787,COLLADO,12
788,CORIA,12
789,CUACOS DE YUSTE,12
790,DELEITOSA,12
791,ESCURIAL,12
792,GALISTEO,12
793,GARROVILLAS DE ALCONÉTAR,12
794,GUADALUPE,12
795,GUIJO DE GALISTEO,12
796,GUIJO DE GRANADILLA,12
797,JARAÍZ DE LA VERA,12
798,JARANDILLA DE LA VERA,12
799,LOGROSÁN,12
800,LOSAR DE LA VERA,12
801,MADRIGALEJO,12
802,MADROÑERA,12
803,MAJADAS,12
804,MALPARTIDA DE CÁCERES,12
805,MALPARTIDA DE PLASENCIA,12
806,MIAJADAS,12
807,MOHEDAS DE GRANADILLA,12
808,MONTÁNCHEZ,12
809,MONTEHERMOSO,12
810,MORALEJA,12
811,NAVALMORAL DE LA MATA,12
812,NUÑOMORAL,12
813,PALOMERO,12
814,PASARÓN DE LA VERA,12
815,PERALEDA DE LA MATA,12
816,PERALES DEL PUERTO,12
817,PINOFRANQUEADO,12
818,PIORNAL,12
819,PLASENCIA,12
820,POZUELO DE ZARZÓN,12
821,RIOLOBOS,12
822,SANTA CRUZ DE LA SIERRA,12
823,SANTIAGO DEL CAMPO,12
824,TALAYUELA,12
825,TEJEDA DE TIÉTAR,12
826,TORNO (EL),12
827,TORRE DE SANTA MARÍA,12
828,TORRECILLAS DE LA TIESA,12
829,TORREJÓN EL RUBIO,12
830,TORREJONCILLO,12
831,TORREORGAZ,12
832,TRUJILLO,12
833,VALDASTILLAS,12
834,VALDEOBISPO,12
835,VALENCIA DE ALCÁNTARA,12
836,VALVERDE DEL FRESNO,12
837,VILLANUEVA DE LA VERA,12
838,VILLAR DE PLASENCIA,12
839,VILLAR DEL PEDROSO,12
840,ZARZA DE GRANADILLA,12
841,ZARZA LA MAYOR,12
842,ZORITA,12
843,ALCALÁ DE LOS GAZULES,13
844,ALCALÁ DEL VALLE,13
845,ALGAR,13
846,ALGECIRAS,13
847,ALGODONALES,13
848,ARCOS DE LA FRONTERA,13
849,BARBATE,13
850,BARRIOS (LOS),13
851,BENALUP-CASAS VIEJAS,13
852,BORNOS,13
853,BOSQUE (EL),13
854,CÁDIZ,13
855,CASTELLAR DE LA FRONTERA,13
856,CHICLANA DE LA FRONTERA,13
857,CHIPIONA,13
858,CONIL DE LA FRONTERA,13
859,ESPERA,13
860,GRAZALEMA,13
861,JEREZ DE LA FRONTERA,13
862,JIMENA DE LA FRONTERA,13
863,LÍNEA DE LA CONCEPCIÓN (LA),13
864,MEDINA-SIDONIA,13
865,OLVERA,13
866,PATERNA DE RIVERA,13
867,PRADO DEL REY,13
868,PUERTO DE SANTA MARÍA (EL),13
869,PUERTO REAL,13
870,ROTA,13
871,SAN FERNANDO,13
872,SAN JOSÉ DEL VALLE,13
873,SAN ROQUE,13
874,SANLÚCAR DE BARRAMEDA,13
875,SETENIL DE LAS BODEGAS,13
876,TARIFA,13
877,TREBUJENA,13
878,UBRIQUE,13
879,VEJER DE LA FRONTERA,13
880,VILLAMARTÍN,13
881,ALFOZ DE LLOREDO,14
882,AMPUERO,14
883,ARENAS DE IGUÑA,14
884,ARNUERO,14
885,ASTILLERO (EL),14
886,BÁRCENA DE CICERO,14
887,CABEZÓN DE LA SAL,14
888,CAMARGO,14
889,CAMPOO DE ENMEDIO,14
890,CARTES,14
891,CASTAÑEDA,14
892,CASTRO-URDIALES,14
893,CILLORIGO DE LIÉBANA,14
894,COLINDRES,14
895,COMILLAS,14
896,CORRALES DE BUELNA (LOS),14
897,CORVERA DE TORANZO,14
898,ENTRAMBASAGUAS,14
899,ESCALANTE,14
900,HAZAS DE CESTO,14
901,LAREDO,14
902,LIENDO,14
903,LIÉRGANES,14
904,MARINA DE CUDEYO,14
905,MEDIO CUDEYO,14
906,MERUELO,14
907,MIENGO,14
908,MOLLEDO,14
909,PENAGOS,14
910,PIÉLAGOS,14
911,POLANCO,14
912,PUENTE VIESGO,14
913,RAMALES DE LA VICTORIA,14
914,REINOSA,14
915,REOCÍN,14
916,RIBAMONTÁN AL MAR,14
917,RIBAMONTÁN AL MONTE,14
918,RIONANSA,14
919,RUENTE,14
920,RUILOBA,14
921,SAN FELICES DE BUELNA,14
922,SAN VICENTE DE LA BARQUERA,14
923,SANTA CRUZ DE BEZANA,14
924,SANTA MARÍA DE CAYÓN,14
925,SANTANDER,14
926,SANTILLANA DEL MAR,14
927,SANTIURDE DE TORANZO,14
928,SANTOÑA,14
929,SOBA,14
930,SOLÓRZANO,14
931,SUANCES,14
932,TORRELAVEGA,14
933,VAL DE SAN VICENTE,14
934,VALDÁLIGA,14
935,VALDERREDIBLE,14
936,VEGA DE PAS,14
937,VILLACARRIEDO,14
938,VILLAESCUSA,14
939,VILLAFUFRE,14
940,VOTO,14
941,ALBOCÀSSER,15
942,ALCALÀ DE XIVERT,15
943,ALCORA (L'),15
944,ALMAZORA/ALMASSORA,15
945,ALMENARA,15
946,ALQUERÍAS DEL NIÑO PERDIDO,15
947,ALTURA,15
948,ARTANA,15
949,ATZENETA DEL MAESTRAT,15
950,BARRACAS,15
951,BEJÍS,15
952,BENASAL,15
953,BENICARLÓ,15
954,BENICASIM/BENICÀSSIM,15
955,BENLLOCH,15
956,BETXÍ,15
957,BORRIOL,15
958,BURRIANA,15
959,CABANES,15
960,CASTELLÓN DE LA PLANA/CASTELLÓ DE LA PLANA,15
961,CHILCHES/XILXES,15
962,COVES DE VINROMÀ (LES),15
963,FORCALL,15
964,JANA (LA),15
965,JÉRICA,15
966,LLOSA (LA),15
967,LUCENA DEL CID,15
968,MONCOFA,15
969,MORELLA,15
970,NULES,15
971,OLOCAU DEL REY,15
972,ONDA,15
973,OROPESA DEL MAR/ORPESA,15
974,PEÑÍSCOLA,15
975,POBLA TORNESA (LA),15
976,RIBESALBES,15
977,SAN RAFAEL DEL RÍO,15
978,SANT JOAN DE MORÓ,15
979,SANT MATEU,15
980,SANTA MAGDALENA DE PULPIS,15
981,SEGORBE,15
982,SIERRA ENGARCERÁN,15
983,SONEJA,15
984,SOT DE FERRER,15
985,TORREBLANCA,15
986,TRAIGUERA,15
987,VALL D'ALBA,15
988,VALL D'UIXÓ (LA),15
989,VILAFAMÉS,15
990,VILANOVA D'ALCOLEA,15
991,VILLAFRANCA DEL CID,15
992,VILLARREAL/VILA-REAL,15
993,VILLAVIEJA,15
994,VINARÒS,15
995,VISTABELLA DEL MAESTRAZGO,15
996,VIVER,15
997,CEUTA,16
998,ABENÓJAR,17
999,AGUDO,17
1000,ALBALADEJO,17
1001,ALCÁZAR DE SAN JUAN,17
1002,ALCOLEA DE CALATRAVA,17
1003,ALCUBILLAS,17
1004,ALDEA DEL REY,17
1005,ALMADÉN,17
1006,ALMAGRO,17
1007,ALMEDINA,17
1008,ALMODÓVAR DEL CAMPO,17
1009,ALMURADIEL,17
1010,ARENALES DE SAN GREGORIO,17
1011,ARENAS DE SAN JUAN,17
1012,ARGAMASILLA DE ALBA,17
1013,ARGAMASILLA DE CALATRAVA,17
1014,BOLAÑOS DE CALATRAVA,17
1015,BRAZATORTAS,17
1016,CALZADA DE CALATRAVA,17
1017,CAMPO DE CRIPTANA,17
1018,CARRIÓN DE CALATRAVA,17
1019,CARRIZOSA,17
1020,CASTELLAR DE SANTIAGO,17
1021,CHILLÓN,17
1022,CIUDAD REAL,17
1023,CORRAL DE CALATRAVA,17
1024,CORTIJOS (LOS),17
1025,CÓZAR,17
1026,DAIMIEL,17
1027,FUENCALIENTE,17
1028,FUENTE EL FRESNO,17
1029,GRANÁTULA DE CALATRAVA,17
1030,GUADALMEZ,17
1031,HERENCIA,17
1032,LABORES (LAS),17
1033,LLANOS DEL CAUDILLO,17
1034,LUCIANA,17
1035,MALAGÓN,17
1036,MANZANARES,17
1037,MEMBRILLA,17
1038,MIGUELTURRA,17
1039,MONTIEL,17
1040,MORAL DE CALATRAVA,17
1041,PEDRO MUÑOZ,17
1042,PIEDRABUENA,17
1043,PORZUNA,17
1044,POZUELO DE CALATRAVA,17
1045,PUEBLA DE DON RODRIGO,17
1046,PUEBLA DEL PRÍNCIPE,17
1047,PUERTO LÁPICE,17
1048,PUERTOLLANO,17
1049,RETUERTA DEL BULLAQUE,17
1050,ROBLEDO (EL),17
1051,RUIDERA,17
1052,SACERUELA,17
1053,SAN CARLOS DEL VALLE,17
1054,SANTA CRUZ DE LOS CÁÑAMOS,17
1055,SANTA CRUZ DE MUDELA,17
1056,SOCUÉLLAMOS,17
1057,SOLANA (LA),17
1058,TERRINCHES,17
1059,TOMELLOSO,17
1060,TORRALBA DE CALATRAVA,17
1061,TORRE DE JUAN ABAD,17
1062,TORRENUEVA,17
1063,VALDEPEÑAS,17
1064,VILLAHERMOSA,17
1065,VILLAMANRIQUE,17
1066,VILLAMAYOR DE CALATRAVA,17
1067,VILLANUEVA DE LA FUENTE,17
1068,VILLANUEVA DE LOS INFANTES,17
1069,VILLANUEVA DE SAN CARLOS,17
1070,VILLARRUBIA DE LOS OJOS,17
1071,VILLARTA DE SAN JUAN,17
1072,VISO DEL MARQUÉS,17
1073,ADAMUZ,18
1074,AGUILAR DE LA FRONTERA,18
1075,ALCARACEJOS,18
1076,ALMEDINILLA,18
1077,ALMODÓVAR DEL RÍO,18
1078,AÑORA,18
1079,BAENA,18
1080,BELALCÁZAR,18
1081,BELMEZ,18
1082,BENAMEJÍ,18
1083,BLÁZQUEZ (LOS),18
1084,BUJALANCE,18
1085,CABRA,18
1086,CAÑETE DE LAS TORRES,18
1087,CARCABUEY,18
1088,CARDEÑA,18
1089,CARLOTA (LA),18
1090,CARPIO (EL),18
1091,CASTRO DEL RÍO,18
1092,CÓRDOBA,18
1093,DOÑA MENCÍA,18
1094,ENCINAS REALES,18
1095,ESPEJO,18
1096,FERNÁN-NÚÑEZ,18
1097,FUENTE OBEJUNA,18
1098,FUENTE PALMERA,18
1099,FUENTE-TÓJAR,18
1100,HINOJOSA DEL DUQUE,18
1101,HORNACHUELOS,18
1102,IZNÁJAR,18
1103,LUCENA,18
1104,LUQUE,18
1105,MONTALBÁN DE CÓRDOBA,18
1106,MONTEMAYOR,18
1107,MONTILLA,18
1108,MONTORO,18
1109,MONTURQUE,18
1110,MORILES,18
1111,NUEVA CARTEYA,18
1112,OBEJO,18
1113,PALENCIANA,18
1114,PALMA DEL RÍO,18
1115,PEDRO ABAD,18
1116,PEDROCHE,18
1117,PEÑARROYA-PUEBLONUEVO,18
1118,POSADAS,18
1119,POZOBLANCO,18
1120,PRIEGO DE CÓRDOBA,18
1121,PUENTE GENIL,18
1122,RAMBLA (LA),18
1123,RUTE,18
1124,SAN SEBASTIÁN DE LOS BALLESTEROS,18
1125,SANTAELLA,18
1126,TORRECAMPO,18
1127,VICTORIA (LA),18
1128,VILLA DEL RÍO,18
1129,VILLAFRANCA DE CÓRDOBA,18
1130,VILLAHARTA,18
1131,VILLANUEVA DE CÓRDOBA,18
1132,VILLANUEVA DEL DUQUE,18
1133,VILLANUEVA DEL REY,18
1134,VILLAVICIOSA DE CÓRDOBA,18
1135,VISO (EL),18
1136,ABEGONDO,19
1137,AMES,19
1138,ARTEIXO,19
1139,ARZÚA,19
1140,BAÑA (A),19
1141,BERGONDO,19
1142,BETANZOS,19
1143,BOIMORTO,19
1144,BOIRO,19
1145,BOQUEIXÓN,19
1146,BRIÓN,19
1147,CABANA DE BERGANTIÑOS,19
1148,CABANAS,19
1149,CAMARIÑAS,19
1150,CAMBRE,19
1151,CAPELA (A),19
1152,CARBALLO,19
1153,CARIÑO,19
1154,CARNOTA,19
1155,CARRAL,19
1156,CEDEIRA,19
1157,CEE,19
1158,CERCEDA,19
1159,CERDIDO,19
1160,COIRÓS,19
1161,CORISTANCO,19
1162,CORUÑA (A),19
1163,CULLEREDO,19
1164,CURTIS,19
1165,DODRO,19
1166,DUMBRÍA,19
1167,FENE,19
1168,FERROL,19
1169,FRADES,19
1170,IRIXOA,19
1171,LARACHA (A),19
1172,LAXE,19
1173,MALPICA DE BERGANTIÑOS,19
1174,MAZARICOS,19
1175,MELIDE,19
1176,MIÑO,19
1177,MOECHE,19
1178,MUGARDOS,19
1179,MUROS,19
1180,MUXÍA,19
1181,NARÓN,19
1182,NEDA,19
1183,NEGREIRA,19
1184,NOIA,19
1185,OLEIROS,19
1186,ORDES,19
1187,OROSO,19
1188,ORTIGUEIRA,19
1189,OUTES,19
1190,OZA DOS RÍOS,19
1191,PADERNE,19
1192,PADRÓN,19
1193,PINO (O),19
1194,POBRA DO CARAMIÑAL (A),19
1195,PONTECESO,19
1196,PONTEDEUME,19
1197,PONTES DE GARCÍA RODRÍGUEZ (AS),19
1198,PORTO DO SON,19
1199,RIANXO,19
1200,RIBEIRA,19
1201,ROIS,19
1202,SADA,19
1203,SAN SADURNIÑO,19
1204,SANTA COMBA,19
1205,SANTIAGO DE COMPOSTELA,19
1206,SOBRADO,19
1207,TEO,19
1208,TRAZO,19
1209,VAL DO DUBRA,19
1210,VALDOVIÑO,19
1211,VEDRA,19
1212,VILASANTAR,19
1213,VIMIANZO,19
1214,ZAS,19
1215,ALBERCA DE ZÁNCARA (LA),20
1216,ALCÁZAR DEL REY,20
1217,ALIAGUILLA,20
1218,ALMARCHA (LA),20
1219,ALMODÓVAR DEL PINAR,20
1220,ALMONACID DEL MARQUESADO,20
1221,ATALAYA DEL CAÑAVATE,20
1222,BARAJAS DE MELO,20
1223,BELINCHÓN,20
1224,BELMONTE,20
1225,BETETA,20
1226,BUENACHE DE ALARCÓN,20
1227,CAMPILLO DE ALTOBUEY,20
1228,CAMPOS DEL PARAÍSO,20
1229,CAÑAVERAS,20
1230,CAÑAVERUELAS,20
1231,CAÑETE,20
1232,CARBONERAS DE GUADAZAÓN,20
1233,CARDENETE,20
1234,CASAS DE BENÍTEZ,20
1235,CASAS DE FERNANDO ALONSO,20
1236,CASAS DE HARO,20
1237,CASAS DE LOS PINOS,20
1238,CASASIMARRO,20
1239,CASTILLEJO DE INIESTA,20
1240,CASTILLO DE GARCIMUÑOZ,20
1241,CERVERA DEL LLANO,20
1242,CHILLARÓN DE CUENCA,20
1243,CUENCA,20
1244,FUENTE DE PEDRO NAHARRO,20
1245,GRAJA DE INIESTA,20
1246,HERRUMBLAR (EL),20
1247,HINOJOSA (LA),20
1248,HINOJOSOS (LOS),20
1249,HITO (EL),20
1250,HONRUBIA,20
1251,HORCAJO DE SANTIAGO,20
1252,HUETE,20
1253,INIESTA,20
1254,LANDETE,20
1255,LEDAÑA,20
1256,MESAS (LAS),20
1257,MINGLANILLA,20
1258,MIRA,20
1259,MONTALBANEJO,20
1260,MONTALBO,20
1261,MOTA DEL CUERVO,20
1262,MOTILLA DEL PALANCAR,20
1263,PALOMARES DEL CAMPO,20
1264,PEDERNOSO (EL),20
1265,PEDROÑERAS (LAS),20
1266,PERAL (EL),20
1267,POZOAMARGO,20
1268,POZORRUBIELOS DE LA MANCHA,20
1269,PRIEGO,20
1270,PROVENCIO (EL),20
1271,PUEBLA DE ALMENARA,20
1272,QUINTANAR DEL REY,20
1273,SAELICES,20
1274,SALVACAÑETE,20
1275,SAN CLEMENTE,20
1276,SAN LORENZO DE LA PARRILLA,20
1277,SANTA CRUZ DE MOYA,20
1278,SANTA MARÍA DE LOS LLANOS,20
1279,SANTA MARÍA DEL CAMPO RUS,20
1280,SISANTE,20
1281,TALAYUELAS,20
1282,TARANCÓN,20
1283,TÉBAR,20
1284,TORREJONCILLO DEL REY,20
1285,TORRUBIA DEL CAMPO,20
1286,TRAGACETE,20
1287,TRESJUNCOS,20
1288,UCLÉS,20
1289,VALDEOLIVAS,20
1290,VALERAS (LAS),20
1291,VILLACONEJOS DE TRABAQUE,20
1292,VILLAESCUSA DE HARO,20
1293,VILLAGARCÍA DEL LLANO,20
1294,VILLALBA DEL REY,20
1295,VILLALPARDO,20
1296,VILLAMAYOR DE SANTIAGO,20
1297,VILLANUEVA DE LA JARA,20
1298,VILLAR DE CAÑAS,20
1299,VILLAREJO DE FUENTES,20
1300,VILLAREJO-PERIESTEBAN,20
1301,VILLARES DEL SAZ,20
1302,VILLARRUBIO,20
1303,VILLARTA,20
1304,VILLAVERDE Y PASACONSOL,20
1305,ZAFRA DE ZÁNCARA,20
1306,AIA,21
1307,ANDOAIN,21
1308,ANOETA,21
1309,ARRASATE/MONDRAGÓN,21
1310,ASTIGARRAGA,21
1311,ATAUN,21
1312,AZKOITIA,21
1313,AZPEITIA,21
1314,BEASAIN,21
1315,BERGARA,21
1316,DEBA,21
1317,DONOSTIA-SAN SEBASTIÁN,21
1318,EIBAR,21
1319,ELGOIBAR,21
1320,ERRENTERIA,21
1321,ESKORIATZA,21
1322,HERNANI,21
1323,HONDARRIBIA,21
1324,IDIAZABAL,21
1325,IRUN,21
1326,IRURA,21
1327,ITSASONDO,21
1328,LASARTE-ORIA,21
1329,LAZKAO,21
1330,LEGAZPI,21
1331,LEGORRETA,21
1332,LEZO,21
1333,MUTRIKU,21
1334,OIARTZUN,21
1335,OLABERRIA,21
1336,OÑATI,21
1337,ORDIZIA,21
1338,PASAIA,21
1339,TOLOSA,21
1340,URNIETA,21
1341,URRETXU,21
1342,USURBIL,21
1343,VILLABONA,21
1344,ZARAUTZ,21
1345,ZESTOA,21
1346,ZUMAIA,21
1347,ZUMARRAGA,21
1348,AIGUAVIVA,22
1349,AMER,22
1350,ANGLÈS,22
1351,ARBÚCIES,22
1352,AVINYONET DE PUIGVENTÓS,22
1353,BANYOLES,22
1354,BÀSCARA,22
1355,BEGUR,22
1356,BELLCAIRE D'EMPORDÀ,22
1357,BESALÚ,22
1358,BESCANÓ,22
1359,BISBAL D'EMPORDÀ (LA),22
1360,BIURE,22
1361,BLANES,22
1362,BORRASSÀ,22
1363,BRUNYOLA,22
1364,CABANELLES,22
1365,CADAQUÉS,22
1366,CALDES DE MALAVELLA,22
1367,CALONGE,22
1368,CAMPELLES,22
1369,CAMPRODON,22
1370,CAPMANY,22
1371,CASSÀ DE LA SELVA,22
1372,CASTELLÓ D'EMPÚRIES,22
1373,CASTELL-PLATJA D'ARO,22
1374,CELLERA DE TER (LA),22
1375,CELRÀ,22
1376,CERVIÀ DE TER,22
1377,CORÇÀ,22
1378,ESCALA (L'),22
1379,FAR D'EMPORDÀ (EL),22
1380,FIGUERES,22
1381,FONTANILLES,22
1382,FORALLAC,22
1383,FORNELLS DE LA SELVA,22
1384,FORTIÀ,22
1385,GARRIGÀS,22
1386,GIRONA,22
1387,HOSTALRIC,22
1388,JONQUERA (LA),22
1389,JUIÀ,22
1390,LLAGOSTERA,22
1391,LLANÇÀ,22
1392,LLERS,22
1393,LLÍVIA,22
1394,LLORET DE MAR,22
1395,MAÇANET DE CABRENYS,22
1396,MAÇANET DE LA SELVA,22
1397,MONT-RAS,22
1398,OLOT,22
1399,PALAFRUGELL,22
1400,PALAMÓS,22
1401,PALOL DE REVARDIT,22
1402,PAU,22
1403,PEDRET I MARZÀ,22
1404,PERA (LA),22
1405,PLANES D'HOSTOLES (LES),22
1406,PONT DE MOLINS,22
1407,PORQUERES,22
1408,PORT DE LA SELVA (EL),22
1409,PORTBOU,22
1410,PRESES (LES),22
1411,PUIGCERDÀ,22
1412,QUART,22
1413,REGENCÓS,22
1414,RIPOLL,22
1415,RIUDARENES,22
1416,RIUDELLOTS DE LA SELVA,22
1417,ROSES,22
1418,SALT,22
1419,SANT FELIU DE BUIXALLEU,22
1420,SANT FELIU DE GUÍXOLS,22
1421,SANT GREGORI,22
1422,SANT HILARI SACALM,22
1423,SANT JAUME DE LLIERCA,22
1424,SANT JOAN DE LES ABADESSES,22
1425,SANT JORDI DESVALLS,22
1426,SANT PERE PESCADOR,22
1427,SANTA COLOMA DE FARNERS,22
1428,SANTA CRISTINA D'ARO,22
1429,SANTA LLOGAIA D'ÀLGUEMA,22
1430,SARRIÀ DE TER,22
1431,SAUS,22
1432,SERINYÀ,22
1433,SERRA DE DARÓ,22
1434,SILS,22
1435,TORROELLA DE MONTGRÍ,22
1436,TOSSA DE MAR,22
1437,ULLÀ,22
1438,VALL DE BIANYA (LA),22
1439,VALL D'EN BAS (LA),22
1440,VERGES,22
1441,VIDRERES,22
1442,VILADAMAT,22
1443,VILAMALLA,22
1444,VILOBÍ D'ONYAR,22
1445,ALBOLOTE,23
1446,ALBUÑÁN,23
1447,ALBUÑOL,23
1448,ALFACAR,23
1449,ALGARINEJO,23
1450,ALHAMA DE GRANADA,23
1451,ALHENDÍN,23
1452,ALMUÑÉCAR,23
1453,ARMILLA,23
1454,ATARFE,23
1455,BAZA,23
1456,BENALÚA DE LAS VILLAS,23
1457,BENAMAUREL,23
1458,CÁDIAR,23
1459,CALAHORRA (LA),23
1460,CALICASAS,23
1461,CAMPOTÉJAR,23
1462,CANILES,23
1463,CASTILLÉJAR,23
1464,CASTRIL,23
1465,CENES DE LA VEGA,23
1466,CHAUCHINA,23
1467,CHURRIANA DE LA VEGA,23
1468,CIJUELA,23
1469,COGOLLOS DE LA VEGA,23
1470,COLOMERA,23
1471,CUEVAS DEL CAMPO,23
1472,CÚLLAR,23
1473,CÚLLAR VEGA,23
1474,DARRO,23
1475,DEIFONTES,23
1476,DIEZMA,23
1477,DÓLAR,23
1478,DÚRCAL,23
1479,FREILA,23
1480,FUENTE VAQUEROS,23
1481,GABIAS (LAS),23
1482,GALERA,23
1483,GOR,23
1484,GRANADA,23
1485,GUADAHORTUNA,23
1486,GUADIX,23
1487,GUALCHOS,23
1488,GÜEJAR SIERRA,23
1489,GÜEVÉJAR,23
1490,HUÉNEJA,23
1491,HUÉSCAR,23
1492,HUÉTOR DE SANTILLÁN,23
1493,HUÉTOR TÁJAR,23
1494,HUÉTOR VEGA,23
1495,ILLORA,23
1496,IZNALLOZ,23
1497,JAYENA,23
1498,JETE,23
1499,JUN,23
1500,LÁCHAR,23
1501,LANJARÓN,23
1502,LECRÍN,23
1503,LOJA,23
1504,MARACENA,23
1505,MOCLÍN,23
1506,MOLVÍZAR,23
1507,MONACHIL,23
1508,MONTEFRÍO,23
1509,MONTEJÍCAR,23
1510,MONTILLANA,23
1511,MORALEDA DE ZAFAYONA,23
1512,MORELÁBOR,23
1513,MOTRIL,23
1514,NEVADA,23
1515,NIGÜELAS,23
1516,OGÍJARES,23
1517,ORCE,23
1518,ÓRGIVA,23
1519,OTURA,23
1520,PADUL,23
1521,PAMPANEIRA,23
1522,PELIGROS,23
1523,PEZA (LA),23
1524,PÍÑAR,23
1525,PINOS PUENTE,23
1526,PÓRTUGOS,23
1527,PUEBLA DE DON FADRIQUE,23
1528,PULIANAS,23
1529,PURULLENA,23
1530,SALAR,23
1531,SALOBREÑA,23
1532,SANTA FE,23
1533,UGÍJAR,23
1534,VEGAS DEL GENIL,23
1535,VÉLEZ DE BENAUDALLA,23
1536,VENTAS DE HUELMA,23
1537,VILLAMENA,23
1538,VILLANUEVA DE LAS TORRES,23
1539,VILLANUEVA MESÍA,23
1540,ZAFARRAYA,23
1541,ZAGRA,23
1542,ZUBIA (LA),23
1543,ZÚJAR,23
1544,ALCOLEA DEL PINAR,24
1545,ALGORA,24
1546,ALMADRONES,24
1547,ALMOGUERA,24
1548,ALMONACID DE ZORITA,24
1549,ALOVERA,24
1550,ATIENZA,24
1551,AZUQUECA DE HENARES,24
1552,BERNINCHES,24
1553,BRIHUEGA,24
1554,CABANILLAS DEL CAMPO,24
1555,CAMPILLO DE DUEÑAS,24
1556,CASAR (EL),24
1557,CHILOECHES,24
1558,CIFUENTES,24
1559,CONDEMIOS DE ARRIBA,24
1560,CUBILLO DE UCEDA (EL),24
1561,ESPINOSA DE HENARES,24
1562,FONTANAR,24
1563,GUADALAJARA,24
1564,HUMANES,24
1565,JADRAQUE,24
1566,LEDANCA,24
1567,MARANCHÓN,24
1568,MARCHAMALO,24
1569,MIRABUENO,24
1570,MOLINA DE ARAGÓN,24
1571,MONDÉJAR,24
1572,PASTRANA,24
1573,PIOZ,24
1574,POZO DE GUADALAJARA,24
1575,QUER,24
1576,SACEDÓN,24
1577,SAÚCA,24
1578,SIGÜENZA,24
1579,TORIJA,24
1580,TORREJÓN DEL REY,24
1581,TORREMOCHA DEL CAMPO,24
1582,TRIJUEQUE,24
1583,VILLANUEVA DE LA TORRE,24
1584,VIÑUELAS,24
1585,YEBRA,24
1586,YUNQUERA DE HENARES,24
1587,ALJARAQUE,25
1588,ALMONASTER LA REAL,25
1589,ALMONTE,25
1590,ALOSNO,25
1591,ARACENA,25
1592,AROCHE,25
1593,AYAMONTE,25
1594,BEAS,25
1595,BERROCAL,25
1596,BOLLULLOS PAR DEL CONDADO,25
1597,BONARES,25
1598,CALA,25
1599,CAMPILLO (EL),25
1600,CARTAYA,25
1601,CERRO DE ANDÉVALO (EL),25
1602,CHUCENA,25
1603,CORTEGANA,25
1604,ENCINASOLA,25
1605,ESCACENA DEL CAMPO,25
1606,GIBRALEÓN,25
1607,GRANADO (EL),25
1608,HIGUERA DE LA SIERRA,25
1609,HUELVA,25
1610,ISLA CRISTINA,25
1611,LEPE,25
1612,LUCENA DEL PUERTO,25
1613,MANZANILLA,25
1614,MINAS DE RIOTINTO,25
1615,MOGUER,25
1616,NAVA (LA),25
1617,NERVA,25
1618,NIEBLA,25
1619,PALMA DEL CONDADO (LA),25
1620,PALOS DE LA FRONTERA,25
1621,PATERNA DEL CAMPO,25
1622,PAYMOGO,25
1623,PUEBLA DE GUZMÁN,25
1624,PUNTA UMBRÍA,25
1625,ROCIANA DEL CONDADO,25
1626,ROSAL DE LA FRONTERA,25
1627,SAN BARTOLOMÉ DE LA TORRE,25
1628,SAN JUAN DEL PUERTO,25
1629,SANTA BÁRBARA DE CASA,25
1630,SANTA OLALLA DEL CALA,25
1631,TRIGUEROS,25
1632,VALVERDE DEL CAMINO,25
1633,VILLABLANCA,25
1634,VILLALBA DEL ALCOR,25
1635,VILLANUEVA DE LOS CASTILLEJOS,25
1636,VILLARRASA,25
1637,ZALAMEA LA REAL,25
1638,AÍNSA-SOBRARBE,26
1639,ALBALATE DE CINCA,26
1640,ALBERO BAJO,26
1641,ALCAMPELL,26
1642,ALCOLEA DE CINCA,26
1643,ALCUBIERRE,26
1644,ALMUDÉVAR,26
1645,ALQUÉZAR,26
1646,ALTORRICÓN,26
1647,ARÉN,26
1648,AYERBE,26
1649,BALLOBAR,26
1650,BARBASTRO,26
1651,BENABARRE,26
1652,BIELSA,26
1653,BIESCAS,26
1654,BINACED,26
1655,BINÉFAR,26
1656,BOLTAÑA,26
1657,BROTO,26
1658,CAMPO,26
1659,CANDASNOS,26
1660,CANFRANC,26
1661,CAPELLA,26
1662,CASTEJÓN DE SOS,26
1663,CASTEJÓN DEL PUENTE,26
1664,ESPLÚS,26
1665,ESTADILLA,26
1666,ESTOPIÑÁN DEL CASTILLO,26
1667,FONZ,26
1668,FRAGA,26
1669,GRADO (EL),26
1670,GRAÑÉN,26
1671,GRAUS,26
1672,GURREA DE GÁLLEGO,26
1673,HUERTO,26
1674,HUESCA,26
1675,ISÁBENA,26
1676,JACA,26
1677,LABUERDA,26
1678,LALUEZA,26
1679,LANAJA,26
1680,LOPORZANO,26
1681,MONZÓN,26
1682,NUENO,26
1683,ONTIÑENA,26
1684,OSSO DE CINCA,26
1685,PEÑALBA,26
1686,PERALTA DE ALCOFEA,26
1687,PERALTILLA,26
1688,PUENTE LA REINA DE JACA,26
1689,SABIÑÁNIGO,26
1690,SALLENT DE GÁLLEGO,26
1691,SAN MIGUEL DEL CINCA,26
1692,SARIÑENA,26
1693,SECASTILLA,26
1694,SENA,26
1695,SIÉTAMO,26
1696,SOTONERA (LA),26
1697,TAMARITE DE LITERA,26
1698,TELLA-SIN,26
1699,TORRENTE DE CINCA,26
1700,TORRES DE BARBUÉS,26
1701,VALLE DE HECHO,26
1702,VILLANOVA,26
1703,VILLANÚA,26
1704,VILLANUEVA DE SIGENA,26
1705,ZAIDÍN,26
1706,ALBANCHEZ DE MÁGINA,27
1707,ALCALÁ LA REAL,27
1708,ALCAUDETE,27
1709,ANDÚJAR,27
1710,ARJONA,27
1711,ARJONILLA,27
1712,ARQUILLOS,27
1713,ARROYO DEL OJANCO,27
1714,BAEZA,27
1715,BAILÉN,27
1716,BAÑOS DE LA ENCINA,27
1717,BEAS DE SEGURA,27
1718,BEDMAR Y GARCÍEZ,27
1719,BEGÍJAR,27
1720,BÉLMEZ DE LA MORALEDA,27
1721,CABRA DEL SANTO CRISTO,27
1722,CAMBIL,27
1723,CAMPILLO DE ARENAS,27
1724,CARBONEROS,27
1725,CÁRCHELES,27
1726,CAROLINA (LA),27
1727,CASTELLAR,27
1728,CASTILLO DE LOCUBÍN,27
1729,CAZORLA,27
1730,CHICLANA DE SEGURA,27
1731,CHILLUÉVAR,27
1732,FRAILES,27
1733,FUERTE DEL REY,27
1734,GUARDIA DE JAÉN (LA),27
1735,GUARROMÁN,27
1736,HUELMA,27
1737,HUESA,27
1738,IBROS,27
1739,IRUELA (LA),27
1740,IZNATORAF,27
1741,JABALQUINTO,27
1742,JAÉN,27
1743,JAMILENA,27
1744,JIMENA,27
1745,JÓDAR,27
1746,LAHIGUERA,27
1747,LINARES,27
1748,LOPERA,27
1749,MANCHA REAL,27
1750,MARMOLEJO,27
1751,MARTOS,27
1752,MENGÍBAR,27
1753,MONTIZÓN,27
1754,NAVAS DE SAN JUAN,27
1755,NOALEJO,27
1756,ORCERA,27
1757,PEAL DE BECERRO,27
1758,PEGALAJAR,27
1759,PORCUNA,27
1760,POZO ALCÓN,27
1761,PUENTE DE GÉNAVE,27
1762,PUERTA DE SEGURA (LA),27
1763,QUESADA,27
1764,RUS,27
1765,SABIOTE,27
1766,SANTA ELENA,27
1767,SANTIAGO-PONTONES,27
1768,SANTISTEBAN DEL PUERTO,27
1769,SANTO TOMÉ,27
1770,SEGURA DE LA SIERRA,27
1771,SILES,27
1772,SORIHUELA DEL GUADALIMAR,27
1773,TORRE DEL CAMPO,27
1774,TORREBLASCOPEDRO,27
1775,TORREDONJIMENO,27
1776,TORREPEROGIL,27
1777,TORRES,27
1778,TORRES DE ALBÁNCHEZ,27
1779,ÚBEDA,27
1780,VALDEPEÑAS DE JAÉN,27
1781,VILCHES,27
1782,VILLACARRILLO,27
1783,VILLANUEVA DE LA REINA,27
1784,VILLANUEVA DEL ARZOBISPO,27
1785,VILLARES (LOS),27
1786,VILLATORRES,27
1787,ANTIGUA (LA),28
1788,ARDÓN,28
1789,ASTORGA,28
1790,BAÑEZA (LA),28
1791,BEMBIBRE,28
1792,BOÑAR,28
1793,BRAZUELO,28
1794,BURGO RANERO (EL),28
1795,CABREROS DEL RÍO,28
1796,CACABELOS,28
1797,CAMPO DE VILLAVIDEL,28
1798,CAMPONARAYA,28
1799,CARRIZO,28
1800,CARROCERA,28
1801,CASTROCALBÓN,28
1802,CASTROCONTRIGO,28
1803,CHOZAS DE ABAJO,28
1804,CISTIERNA,28
1805,CONGOSTO,28
1806,CUBILLAS DE RUEDA,28
1807,CUBILLOS DEL SIL,28
1808,FABERO,28
1809,FRESNO DE LA VEGA,28
1810,HOSPITAL DE ÓRBIGO,28
1811,LAGUNA DE NEGRILLOS,28
1812,LEÓN,28
1813,MANSILLA DE LAS MULAS,28
1814,MANSILLA MAYOR,28
1815,ONZONILLA,28
1816,PÁRAMO DEL SIL,28
1817,POLA DE GORDÓN (LA),28
1818,PONFERRADA,28
1819,PUEBLA DE LILLO,28
1820,PUENTE DE DOMINGO FLÓREZ,28
1821,RIAÑO,28
1822,RIEGO DE LA VEGA,28
1823,RIELLO,28
1824,RIOSECO DE TAPIA,28
1825,ROBLA (LA),28
1826,ROPERUELOS DEL PÁRAMO,28
1827,SAHAGÚN,28
1828,SAN ANDRÉS DEL RABANEDO,28
1829,SAN CRISTÓBAL DE LA POLANTERA,28
1830,SAN EMILIANO,28
1831,SANTA CRISTINA DE VALMADRIGAL,28
1832,SANTA MARÍA DE LA ISLA,28
1833,SANTA MARÍA DEL PÁRAMO,28
1834,SANTOVENIA DE LA VALDONCINA,28
1835,SARIEGOS,28
1836,SENA DE LUNA,28
1837,TORAL DE LOS GUZMANES,28
1838,TORENO,28
1839,TRABADELO,28
1840,TURCIA,28
1841,URDIALES DEL PÁRAMO,28
1842,VALDEFRESNO,28
1843,VALDEPOLO,28
1844,VALDERAS,28
1845,VALDERRUEDA,28
1846,VALDEVIMBRE,28
1847,VALENCIA DE DON JUAN,28
1848,VALVERDE DE LA VIRGEN,28
1849,VEGA DE ESPINAREDA,28
1850,VEGA DE VALCARCE,28
1851,VILLABLINO,28
1852,VILLADANGOS DEL PÁRAMO,28
1853,VILLADECANES,28
1854,VILLAGATÓN,28
1855,VILLAMAÑÁN,28
1856,VILLAMANÍN,28
1857,VILLAMEJIL,28
1858,VILLANUEVA DE LAS MANZANAS,28
1859,VILLAQUEJIDA,28
1860,VILLAQUILAMBRE,28
1861,VILLAREJO DE ÓRBIGO,28
1862,VILLATURIEL,28
1863,ÀGER,29
1864,AGRAMUNT,29
1865,ALBATÀRREC,29
1866,ALBESA,29
1867,ALCARRÀS,29
1868,ALCOLETGE,29
1869,ALFARRÀS,29
1870,ALFÉS,29
1871,ALGERRI,29
1872,ALGUAIRE,29
1873,ALMACELLES,29
1874,ALMENAR,29
1875,ALPICAT,29
1876,ANGLESOLA,29
1877,ARBECA,29
1878,ARTESA DE LLEIDA,29
1879,ARTESA DE SEGRE,29
1880,ASPA,29
1881,BALAGUER,29
1882,BASSELLA,29
1883,BAUSEN,29
1884,BELLCAIRE D'URGELL,29
1885,BELL-LLOC D'URGELL,29
1886,BELLPUIG,29
1887,BELLVER DE CERDANYA,29
1888,BELLVÍS,29
1889,BENAVENT DE SEGRIÀ,29
1890,BORGES BLANQUES (LES),29
1891,CAMARASA,29
1892,CASTELLDANS,29
1893,CERVERA,29
1894,COLL DE NARGÓ,29
1895,CORBINS,29
1896,CUBELLS,29
1897,ESPOT,29
1898,ESTERRI D'ÀNEU,29
1899,FONDARELLA,29
1900,FULIOLA (LA),29
1901,GIMENELLS I EL PLA DE LA FONT,29
1902,GOLMÉS,29
1903,GRANYANELLA,29
1904,GUISSONA,29
1905,IVARS D'URGELL,29
1906,JUNCOSA,29
1907,JUNEDA,29
1908,LES,29
1909,LINYOLA,29
1910,LLARDECANS,29
1911,LLEIDA,29
1912,LLES DE CERDANYA,29
1913,MAIALS,29
1914,MIRALCAMP,29
1915,MOLLERUSSA,29
1916,MONTFERRER I CASTELLBÒ,29
1917,MONTOLIU DE LLEIDA,29
1918,NAUT ARAN,29
1919,OLIANA,29
1920,OLIUS,29
1921,ORGANYÀ,29
1922,PALAU D'ANGLESOLA (EL),29
1923,PLANS DE SIÓ (ELS),29
1924,POBLA DE SEGUR (LA),29
1925,PONT DE SUERT (EL),29
1926,PONTS,29
1927,PRATS I SANSOR,29
1928,RIALP,29
1929,ROSSELLÓ,29
1930,SANT GUIM DE FREIXENET,29
1931,SANT LLORENÇ DE MORUNYS,29
1932,SANT RAMON,29
1933,SERÒS,29
1934,SEU D'URGELL (LA),29
1935,SIDAMON,29
1936,SOLSONA,29
1937,SORIGUERA,29
1938,SORT,29
1939,SOSES,29
1940,SUDANELL,29
1941,SUNYER,29
1942,TÀRREGA,29
1943,TÉRMENS,29
1944,TORÀ,29
1945,TORREFARRERA,29
1946,TORREGROSSA,29
1947,TORRELAMEU,29
1948,TORRES DE SEGRE,29
1949,TREMP,29
1950,VALL DE BOÍ (LA),29
1951,VALLFOGONA DE BALAGUER,29
1952,VERDÚ,29
1953,VIELHA E MIJARAN,29
1954,VILAGRASSA,29
1955,VILALLER,29
1956,VILAMÒS,29
1957,VILANOVA DE LA BARCA,29
1958,VILA-SANA,29
1959,ABADÍN,30
1960,ALFOZ,30
1961,ANTAS DE ULLA,30
1962,BALEIRA,30
1963,BARALLA,30
1964,BARREIROS,30
1965,BECERREÁ,30
1966,BEGONTE,30
1967,BURELA,30
1968,CARBALLEDO,30
1969,CASTRO DE REI,30
1970,CASTROVERDE,30
1971,CERVO,30
1972,CHANTADA,30
1973,CORGO (O),30
1974,COSPEITO,30
1975,FONSAGRADA (A),30
1976,FOZ,30
1977,FRIOL,30
1978,GUITIRIZ,30
1979,GUNTÍN,30
1980,LOURENZÁ,30
1981,LUGO,30
1982,MEIRA,30
1983,MONDOÑEDO,30
1984,MONFORTE DE LEMOS,30
1985,MONTERROSO,30
1986,NAVIA DE SUARNA,30
1987,OUTEIRO DE REI,30
1988,PALAS DE REI,30
1989,PANTÓN,30
1990,PARADELA,30
1991,PASTORIZA (A),30
1992,PEDRAFITA DO CEBREIRO,30
1993,POBRA DO BROLLÓN (A),30
1994,POL,30
1995,PONTENOVA (A),30
1996,PORTOMARÍN,30
1997,QUIROGA,30
1998,RÁBADE,30
1999,RIBADEO,30
2000,RIOTORTO,30
2001,SAMOS,30
2002,SARRIA,30
2003,SAVIÑAO (O),30
2004,TABOADA,30
2005,VILALBA,30
2006,VIVEIRO,30
2007,XERMADE,30
2008,XOVE,30
2009,AJALVIR,31
2010,ÁLAMO (EL),31
2011,ALCALÁ DE HENARES,31
2012,ALCOBENDAS,31
2013,ALCORCÓN,31
2014,ALDEA DEL FRESNO,31
2015,ALGETE,31
2016,ALPEDRETE,31
2017,ARANJUEZ,31
2018,ARGANDA DEL REY,31
2019,ARROYOMOLINOS,31
2020,BECERRIL DE LA SIERRA,31
2021,BOADILLA DEL MONTE,31
2022,BOALO (EL),31
2023,BRUNETE,31
2024,BUITRAGO DEL LOZOYA,31
2025,CABRERA (LA),31
2026,CADALSO DE LOS VIDRIOS,31
2027,CAMPO REAL,31
2028,CASARRUBUELOS,31
2029,CENICIENTOS,31
2030,CERCEDILLA,31
2031,CHINCHÓN,31
2032,CIEMPOZUELOS,31
2033,COBEÑA,31
2034,COLLADO MEDIANO,31
2035,COLLADO VILLALBA,31
2036,COLMENAR DE OREJA,31
2037,COLMENAR DEL ARROYO,31
2038,COLMENAR VIEJO,31
2039,COSLADA,31
2040,DAGANZO DE ARRIBA,31
2041,ESCORIAL (EL),31
2042,ESTREMERA,31
2043,FUENLABRADA,31
2044,FUENTE EL SAZ DE JARAMA,31
2045,FUENTIDUEÑA DE TAJO,31
2046,GALAPAGAR,31
2047,GETAFE,31
2048,GRIÑÓN,31
2049,GUADALIX DE LA SIERRA,31
2050,GUADARRAMA,31
2051,HORCAJO DE LA SIERRA,31
2052,HOYO DE MANZANARES,31
2053,HUMANES DE MADRID,31
2054,LEGANÉS,31
2055,LOECHES,31
2056,LOZOYA,31
2057,LOZOYUELA-NAVAS-SIETEIGLESIAS,31
2058,MADRID,31
2059,MAJADAHONDA,31
2060,MANZANARES EL REAL,31
2061,MECO,31
2062,MEJORADA DEL CAMPO,31
2063,MIRAFLORES DE LA SIERRA,31
2064,MOLAR (EL),31
2065,MORALEJA DE ENMEDIO,31
2066,MORALZARZAL,31
2067,MORATA DE TAJUÑA,31
2068,MÓSTOLES,31
2069,NAVACERRADA,31
2070,NAVALCARNERO,31
2071,NAVAS DEL REY,31
2072,NUEVO BAZTÁN,31
2073,ORUSCO DE TAJUÑA,31
2074,PARACUELLOS DE JARAMA,31
2075,PARLA,31
2076,PELAYOS DE LA PRESA,31
2077,PERALES DE TAJUÑA,31
2078,PEZUELA DE LAS TORRES,31
2079,PINTO,31
2080,POZUELO DE ALARCÓN,31
2081,RASCAFRÍA,31
2082,RIVAS-VACIAMADRID,31
2083,ROBLEDO DE CHAVELA,31
2084,ROZAS DE MADRID (LAS),31
2085,SAN AGUSTÍN DEL GUADALIX,31
2086,SAN FERNANDO DE HENARES,31
2087,SAN LORENZO DE EL ESCORIAL,31
2088,SAN MARTÍN DE LA VEGA,31
2089,SAN MARTÍN DE VALDEIGLESIAS,31
2090,SAN SEBASTIÁN DE LOS REYES,31
2091,SANTA MARÍA DE LA ALAMEDA,31
2092,SERNA DEL MONTE (LA),31
2093,SEVILLA LA NUEVA,31
2094,SOMOSIERRA,31
2095,SOTO DEL REAL,31
2096,TIELMES,31
2097,TORREJÓN DE ARDOZ,31
2098,TORREJÓN DE LA CALZADA,31
2099,TORREJÓN DE VELASCO,31
2100,TORRELAGUNA,31
2101,TORRELODONES,31
2102,TORRES DE LA ALAMEDA,31
2103,TRES CANTOS,31
2104,VALDEMORILLO,31
2105,VALDEMORO,31
2106,VALDETORRES DE JARAMA,31
2107,VELILLA DE SAN ANTONIO,31
2108,VENTURADA,31
2109,VILLA DEL PRADO,31
2110,VILLACONEJOS,31
2111,VILLALBILLA,31
2112,VILLAMANTA,31
2113,VILLANUEVA DE LA CAÑADA,31
2114,VILLANUEVA DE PERALES,31
2115,VILLANUEVA DEL PARDILLO,31
2116,VILLAREJO DE SALVANÉS,31
2117,VILLAVICIOSA DE ODÓN,31
2118,ALAMEDA,32
2119,ALFARNATE,32
2120,ALGARROBO,32
2121,ALHAURÍN DE LA TORRE,32
2122,ALHAURÍN EL GRANDE,32
2123,ALMARGEN,32
2124,ÁLORA,32
2125,ALOZAINA,32
2126,ANTEQUERA,32
2127,ARCHIDONA,32
2128,ARDALES,32
2129,ARRIATE,32
2130,BENALMÁDENA,32
2131,BENAMARGOSA,32
2132,BENAMOCARRA,32
2133,BENAOJÁN,32
2134,BURGO (EL),32
2135,CAMPILLOS,32
2136,CAÑETE LA REAL,32
2137,CÁRTAMA,32
2138,CASABERMEJA,32
2139,CASARABONELA,32
2140,CASARES,32
2141,COÍN,32
2142,COLMENAR,32
2143,CÓMPETA,32
2144,CORTES DE LA FRONTERA,32
2145,CUEVAS BAJAS,32
2146,CUEVAS DE SAN MARCOS,32
2147,CUEVAS DEL BECERRO,32
2148,ESTEPONA,32
2149,FUENGIROLA,32
2150,FUENTE DE PIEDRA,32
2151,GAUCÍN,32
2152,GUARO,32
2153,HUMILLADERO,32
2154,MÁLAGA,32
2155,MANILVA,32
2156,MARBELLA,32
2157,MIJAS,32
2158,MOLLINA,32
2159,MONDA,32
2160,NERJA,32
2161,OJÉN,32
2162,PERIANA,32
2163,PIZARRA,32
2164,RINCÓN DE LA VICTORIA,32
2165,RIOGORDO,32
2166,RONDA,32
2167,SAYALONGA,32
2168,SIERRA DE YEGUAS,32
2169,TEBA,32
2170,TORREMOLINOS,32
2171,TORROX,32
2172,VALLE DE ABDALAJÍS,32
2173,VÉLEZ-MÁLAGA,32
2174,VILLANUEVA DE ALGAIDAS,32
2175,VILLANUEVA DE TAPIA,32
2176,VILLANUEVA DEL ROSARIO,32
2177,VILLANUEVA DEL TRABUCO,32
2178,VIÑUELA,32
2179,YUNQUERA,32
2180,MELILLA,33
2181,ABANILLA,34
2182,ABARÁN,34
2183,ÁGUILAS,34
2184,ALCANTARILLA,34
2185,ALCÁZARES (LOS),34
2186,ALEDO,34
2187,ALGUAZAS,34
2188,ALHAMA DE MURCIA,34
2189,ARCHENA,34
2190,BENIEL,34
2191,BLANCA,34
2192,BULLAS,34
2193,CALASPARRA,34
2194,CARAVACA DE LA CRUZ,34
2195,CARTAGENA,34
2196,CEHEGÍN,34
2197,CEUTÍ,34
2198,CIEZA,34
2199,FORTUNA,34
2200,FUENTE ÁLAMO DE MURCIA,34
2201,JUMILLA,34
2202,LIBRILLA,34
2203,LORCA,34
2204,LORQUÍ,34
2205,MAZARRÓN,34
2206,MOLINA DE SEGURA,34
2207,MORATALLA,34
2208,MULA,34
2209,MURCIA,34
2210,PLIEGO,34
2211,PUERTO LUMBRERAS,34
2212,SAN JAVIER,34
2213,SAN PEDRO DEL PINATAR,34
2214,SANTOMERA,34
2215,TORRE-PACHECO,34
2216,TORRES DE COTILLAS (LAS),34
2217,TOTANA,34
2218,UNIÓN (LA),34
2219,YECLA,34
2220,ABLITAS,35
2221,AIBAR/OIBAR,35
2222,ALLO,35
2223,ALTSASU/ALSASUA,35
2224,AMÉSCOA BAJA,35
2225,ANDOSILLA,35
2226,ANSOÁIN,35
2227,ANUE,35
2228,AOIZ/AGOITZ,35
2229,ARAITZ,35
2230,ARAKIL,35
2231,ARANGUREN,35
2232,ARCOS (LOS),35
2233,ARGUEDAS,35
2234,ARIBE,35
2235,ARRÓNIZ,35
2236,ARTAJONA,35
2237,AZAGRA,35
2238,BARAÑAIN,35
2239,BARÁSOAIN,35
2240,BAZTAN,35
2241,BERA/VERA DE BIDASOA,35
2242,BERBINZANA,35
2243,BERIÁIN,35
2244,BERRIOPLANO,35
2245,BERRIOZAR,35
2246,BERTIZARANA,35
2247,BUÑUEL,35
2248,BURLADA/BURLATA,35
2249,CABANILLAS,35
2250,CADREITA,35
2251,CAPARROSO,35
2252,CÁRCAR,35
2253,CARCASTILLO,35
2254,CASCANTE,35
2255,CÁSEDA,35
2256,CASTEJÓN,35
2257,CINTRUÉNIGO,35
2258,CORELLA,35
2259,CORTES,35
2260,DONEZTEBE/SANTESTEBAN,35
2261,EGÜÉS,35
2262,ERRO,35
2263,ESTELLA/LIZARRA,35
2264,ESTERIBAR,35
2265,ETXALAR,35
2266,ETXARRI-ARANATZ,35
2267,EZCABARTE,35
2268,FALCES,35
2269,FITERO,35
2270,FONTELLAS,35
2271,FUNES,35
2272,FUSTIÑANA,35
2273,GALAR,35
2274,HUARTE/UHARTE,35
2275,IRURTZUN,35
2276,IZA,35
2277,LAKUNTZA,35
2278,LANTZ,35
2279,LARRAGA,35
2280,LARRAUN,35
2281,LEGARDA,35
2282,LEITZA,35
2283,LERÍN,35
2284,LESAKA,35
2285,LIÉDENA,35
2286,LODOSA,35
2287,LUMBIER,35
2288,LUZAIDE/VALCARLOS,35
2289,MARCILLA,35
2290,MÉLIDA,35
2291,MENDAVIA,35
2292,MENDAZA,35
2293,MENDIGORRÍA,35
2294,MILAGRO,35
2295,MIRANDA DE ARGA,35
2296,MORENTIN,35
2297,MURCHANTE,35
2298,MURILLO EL FRUTO,35
2299,NOÁIN (VALLE DE ELORZ)/NOAIN (ELORTZIBAR),35
2300,OLAZTI/OLAZAGUTÍA,35
2301,OLITE,35
2302,OLZA,35
2303,ORCOYEN,35
2304,OTEIZA,35
2305,PAMPLONA/IRUÑA,35
2306,PERALTA,35
2307,PUENTE LA REINA/GARES,35
2308,RIBAFORADA,35
2309,SAN ADRIÁN,35
2310,SANGÜESA/ZANGOZA,35
2311,SANTACARA,35
2312,SARTAGUDA,35
2313,SESMA,35
2314,TAFALLA,35
2315,TIEBAS-MURUARTE DE RETA,35
2316,TUDELA,35
2317,UJUÉ,35
2318,ULTZAMA,35
2319,URDAZUBI/URDAX,35
2320,URZAINQUI,35
2321,VALTIERRA,35
2322,VIANA,35
2323,VILLAFRANCA,35
2324,VILLATUERTA,35
2325,VILLAVA/ATARRABIA,35
2326,YERRI,35
2327,ZIORDIA,35
2328,ZIZUR MAYOR/ZIZUR NAGUSIA,35
2329,ALLARIZ,36
2330,AVIÓN,36
2331,BANDE,36
2332,BARBADÁS,36
2333,BARCO DE VALDEORRAS (O),36
2334,BEADE,36
2335,BOLO (O),36
2336,CARBALLIÑO (O),36
2337,CARTELLE,36
2338,CASTRO CALDELAS,36
2339,CELANOVA,36
2340,COLES,36
2341,CORTEGADA,36
2342,CUALEDRO,36
2343,ENTRIMO,36
2344,GUDIÑA (A),36
2345,LOBEIRA,36
2346,MACEDA,36
2347,MASIDE,36
2348,MELÓN,36
2349,MERCA (A),36
2350,MEZQUITA (A),36
2351,NOGUEIRA DE RAMUÍN,36
2352,OÍMBRA,36
2353,OURENSE,36
2354,PADRENDA,36
2355,PEREIRO DE AGUIAR (O),36
2356,PEROXA (A),36
2357,PIÑOR,36
2358,POBRA DE TRIVES (A),36
2359,RAMIRÁS,36
2360,RIBADAVIA,36
2361,RIÓS,36
2362,RÚA (A),36
2363,SAN CIBRAO DAS VIÑAS,36
2364,SAN CRISTOVO DE CEA,36
2365,TABOADELA,36
2366,TRASMIRAS,36
2367,VEIGA (A),36
2368,VEREA,36
2369,VERÍN,36
2370,VIANA DO BOLO,36
2371,VILAMARÍN,36
2372,VILAMARTÍN DE VALDEORRAS,36
2373,XINZO DE LIMIA,36
2374,AGUILAR DE CAMPOO,37
2375,ALAR DEL REY,37
2376,AMUSCO,37
2377,ASTUDILLO,37
2378,BALTANÁS,37
2379,BARRUELO DE SANTULLÁN,37
2380,BUENAVISTA DE VALDAVIA,37
2381,CARRIÓN DE LOS CONDES,37
2382,CERVERA DE PISUERGA,37
2383,CEVICO DE LA TORRE,37
2384,DUEÑAS,37
2385,FRESNO DEL RÍO,37
2386,FRÓMISTA,37
2387,FUENTES DE NAVA,37
2388,GRIJOTA,37
2389,GUARDO,37
2390,HERRERA DE PISUERGA,37
2391,MAGAZ DE PISUERGA,37
2392,OSORNO LA MAYOR,37
2393,PALENCIA,37
2394,PAREDES DE NAVA,37
2395,QUINTANA DEL PUENTE,37
2396,SALDAÑA,37
2397,SANTIBÁÑEZ DE LA PEÑA,37
2398,SERNA (LA),37
2399,TORQUEMADA,37
2400,VENTA DE BAÑOS,37
2401,VILLADA,37
2402,VILLAHERREROS,37
2403,VILLAMURIEL DE CERRATO,37
2404,VILLARRAMIEL,37
2405,VILLODRIGO,37
2406,VILLOLDO,37
2407,AGAETE,38
2408,AGÜIMES,38
2409,ALDEA DE SAN NICOLÁS (LA),38
2410,ANTIGUA,38
2411,ARRECIFE,38
2412,ARTENARA,38
2413,ARUCAS,38
2414,FIRGAS,38
2415,GÁLDAR,38
2416,HARÍA,38
2417,INGENIO,38
2418,MOGÁN,38
2419,MOYA,38
2420,OLIVA (LA),38
2421,PÁJARA,38
2422,PALMAS DE GRAN CANARIA (LAS),38
2423,PUERTO DEL ROSARIO,38
2424,SAN BARTOLOMÉ,38
2425,SAN BARTOLOMÉ DE TIRAJANA,38
2426,SANTA BRÍGIDA,38
2427,SANTA LUCÍA DE TIRAJANA,38
2428,SANTA MARÍA DE GUÍA DE GRAN CANARIA,38
2429,TEGUISE,38
2430,TEJEDA,38
2431,TELDE,38
2432,TEROR,38
2433,TÍAS,38
2434,TINAJO,38
2435,TUINEJE,38
2436,VALLESECO,38
2437,VALSEQUILLO DE GRAN CANARIA,38
2438,VEGA DE SAN MATEO,38
2439,YAIZA,38
2440,AGOLADA,39
2441,ARBO,39
2442,BAIONA,39
2443,BARRO,39
2444,BUEU,39
2445,CALDAS DE REIS,39
2446,CAMBADOS,39
2447,CAMPO LAMEIRO,39
2448,CANGAS,39
2449,CAÑIZA (A),39
2450,CATOIRA,39
2451,CERDEDO,39
2452,COTOBADE,39
2453,COVELO,39
2454,CUNTIS,39
2455,DOZÓN,39
2456,ESTRADA (A),39
2457,FORCAREI,39
2458,GONDOMAR,39
2459,GROVE (O),39
2460,GUARDA (A),39
2461,LALÍN,39
2462,MARÍN,39
2463,MEAÑO,39
2464,MEIS,39
2465,MOAÑA,39
2466,MONDARIZ-BALNEARIO,39
2467,MORAÑA,39
2468,MOS,39
2469,NEVES (AS),39
2470,NIGRÁN,39
2471,OIA,39
2472,POIO,39
2473,PONTE CALDELAS,39
2474,PONTEAREAS,39
2475,PONTECESURES,39
2476,PONTEVEDRA,39
2477,PORRIÑO (O),39
2478,PORTAS,39
2479,REDONDELA,39
2480,RIBADUMIA,39
2481,RODEIRO,39
2482,SALCEDA DE CASELAS,39
2483,SALVATERRA DE MIÑO,39
2484,SANXENXO,39
2485,SILLEDA,39
2486,TOMIÑO,39
2487,TUI,39
2488,VALGA,39
2489,VIGO,39
2490,VILA DE CRUCES,39
2491,VILABOA,39
2492,VILAGARCÍA DE AROUSA,39
2493,VILANOVA DE AROUSA,39
2494,AGONCILLO,40
2495,ALBELDA DE IREGUA,40
2496,ALBERITE,40
2497,ALCANADRE,40
2498,ALDEANUEVA DE EBRO,40
2499,ALFARO,40
2500,ARNEDO,40
2501,AUTOL,40
2502,BAÑARES,40
2503,BAÑOS DE RÍO TOBÍA,40
2504,CALAHORRA,40
2505,CENICERO,40
2506,CERVERA DEL RÍO ALHAMA,40
2507,CUZCURRITA DE RÍO TIRÓN,40
2508,FUENMAYOR,40
2509,HARO,40
2510,HORMILLA,40
2511,HUÉRCANOS,40
2512,LARDERO,40
2513,LOGROÑO,40
2514,MURILLO DE RÍO LEZA,40
2515,NÁJERA,40
2516,NALDA,40
2517,NAVARRETE,40
2518,PRADEJÓN,40
2519,QUEL,40
2520,REDAL (EL),40
2521,RINCÓN DE SOTO,40
2522,SAN ASENSIO,40
2523,SAN VICENTE DE LA SONSIERRA,40
2524,TIRGO,40
2525,VILLAMEDIANA DE IREGUA,40
2526,VILLANUEVA DE CAMEROS,40
2527,VILLAR DE TORRE,40
2528,VINIEGRA DE ABAJO,40
2529,ALBA DE TORMES,41
2530,ALBERCA (LA),41
2531,ALDEALENGUA,41
2532,ALDEANUEVA DE FIGUEROA,41
2533,ALDEATEJADA,41
2534,ALDEHUELA DE LA BÓVEDA,41
2535,ARAPILES,41
2536,BARRUECOPARDO,41
2537,BÉJAR,41
2538,BUENAVISTA,41
2539,CABRERIZOS,41
2540,CALVARRASA DE ABAJO,41
2541,CALVARRASA DE ARRIBA,41
2542,CALZADA DE VALDUNCIEL,41
2543,CANTALPINO,41
2544,CARBAJOSA DE LA SAGRADA,41
2545,CASTELLANOS DE MORISCOS,41
2546,CIUDAD RODRIGO,41
2547,ENCINAS DE ABAJO,41
2548,ESPEJA,41
2549,FRESNO ALHÁNDIGA,41
2550,FUENTE DE SAN ESTEBAN (LA),41
2551,FUENTES DE OÑORO,41
2552,GALINDO Y PERAHUY,41
2553,GUIJUELO,41
2554,LEDESMA,41
2555,LINARES DE RIOFRÍO,41
2556,LUMBRALES,41
2557,MACHACÓN,41
2558,MACOTERA,41
2559,MARTÍN DE YELTES,41
2560,MASUECO,41
2561,MONTEJO,41
2562,PEDROSILLO EL RALO,41
2563,PEÑARANDA DE BRACAMONTE,41
2564,PUERTO DE BÉJAR,41
2565,ROBLEDA,41
2566,ROBLIZA DE COJOS,41
2567,SALAMANCA,41
2568,SANCTI-SPÍRITUS,41
2569,SANTA MARTA DE TORMES,41
2570,TAMAMES,41
2571,TRABANCA,41
2572,VALDECARROS,41
2573,VECINOS,41
2574,VILLAFLORES,41
2575,VILLAMAYOR,41
2576,VILLAR DE PERALONSO,41
2577,VILLARES DE LA REINA,41
2578,VILLARMAYOR,41
2579,VILLORIA,41
2580,VITIGUDINO,41
2581,ADEJE,42
2582,ALAJERÓ,42
2583,ARAFO,42
2584,ARICO,42
2585,ARONA,42
2586,BARLOVENTO,42
2587,BREÑA ALTA,42
2588,BUENAVISTA DEL NORTE,42
2589,CANDELARIA,42
2590,FASNIA,42
2591,FRONTERA,42
2592,FUENCALIENTE DE LA PALMA,42
2593,GARACHICO,42
2594,GARAFÍA,42
2595,GRANADILLA DE ABONA,42
2596,GUANCHA (LA),42
2597,GUÍA DE ISORA,42
2598,GÜÍMAR,42
2599,HERMIGUA,42
2600,ICOD DE LOS VINOS,42
2601,LLANOS DE ARIDANE (LOS),42
2602,MATANZA DE ACENTEJO (LA),42
2603,OROTAVA (LA),42
2604,PASO (EL),42
2605,PUERTO DE LA CRUZ,42
2606,PUNTAGORDA,42
2607,PUNTALLANA,42
2608,REALEJOS (LOS),42
2609,ROSARIO (EL),42
2610,SAN ANDRÉS Y SAUCES,42
2611,SAN CRISTÓBAL DE LA LAGUNA,42
2612,SAN JUAN DE LA RAMBLA,42
2613,SAN MIGUEL DE ABONA,42
2614,SAN SEBASTIÁN DE LA GOMERA,42
2615,SANTA CRUZ DE LA PALMA,42
2616,SANTA CRUZ DE TENERIFE,42
2617,SANTA ÚRSULA,42
2618,SANTIAGO DEL TEIDE,42
2619,SAUZAL (EL),42
2620,SILOS (LOS),42
2621,TACORONTE,42
2622,TANQUE (EL),42
2623,TAZACORTE,42
2624,TEGUESTE,42
2625,VALLE GRAN REY,42
2626,VALLEHERMOSO,42
2627,VALVERDE,42
2628,VICTORIA DE ACENTEJO (LA),42
2629,VILAFLOR,42
2630,VILLA DE MAZO,42
2631,AYLLÓN,43
2632,BOCEGUILLAS,43
2633,CANTALEJO,43
2634,CARBONERO EL MAYOR,43
2635,CASTILLEJO DE MESLEÓN,43
2636,CEREZO DE ABAJO,43
2637,CHAÑE,43
2638,COCA,43
2639,COLLADO HERMOSO,43
2640,CUÉLLAR,43
2641,ESPINAR (EL),43
2642,FRESNO DE CANTESPINO,43
2643,FUENTEPELAYO,43
2644,FUENTESAÚCO DE FUENTIDUEÑA,43
2645,GARCILLÁN,43
2646,GOMEZSERRACÍN,43
2647,GRAJERA,43
2648,HONTALBILLA,43
2649,LABAJOS,43
2650,LASTRILLA (LA),43
2651,MARTÍN MUÑOZ DE LA DEHESA,43
2652,MARTÍN MUÑOZ DE LAS POSADAS,43
2653,MOZONCILLO,43
2654,NAVA DE LA ASUNCIÓN,43
2655,NAVALMANZANO,43
2656,NAVAS DE SAN ANTONIO,43
2657,PALAZUELOS DE ERESMA,43
2658,PRADALES,43
2659,PRÁDENA,43
2660,RIAZA,43
2661,SAN CRISTÓBAL DE SEGOVIA,43
2662,SAN ILDEFONSO,43
2663,SAN MIGUEL DE BERNUY,43
2664,SANGARCÍA,43
2665,SANTA MARÍA LA REAL DE NIEVA,43
2666,SANTO TOMÉ DEL PUERTO,43
2667,SEGOVIA,43
2668,SEPÚLVEDA,43
2669,TOLOCIRIO,43
2670,TORRECABALLEROS,43
2671,TURÉGANO,43
2672,VALLELADO,43
2673,VALSECA,43
2674,VALVERDE DEL MAJANO,43
2675,VILLACASTÍN,43
2676,AGUADULCE,44
2677,ALANÍS,44
2678,ALCALÁ DE GUADAÍRA,44
2679,ALCALÁ DEL RÍO,44
2680,ALCOLEA DEL RÍO,44
2681,ALGABA (LA),44
2682,ALGÁMITAS,44
2683,ALMADÉN DE LA PLATA,44
2684,ALMENSILLA,44
2685,ARAHAL,44
2686,AZNALCÁZAR,44
2687,AZNALCÓLLAR,44
2688,BADOLATOSA,44
2689,BENACAZÓN,44
2690,BOLLULLOS DE LA MITACIÓN,44
2691,BORMUJOS,44
2692,BRENES,44
2693,CABEZAS DE SAN JUAN (LAS),44
2694,CAMAS,44
2695,CAMPANA (LA),44
2696,CAÑADA ROSAL,44
2697,CANTILLANA,44
2698,CARMONA,44
2699,CARRIÓN DE LOS CÉSPEDES,44
2700,CASARICHE,44
2701,CASTILBLANCO DE LOS ARROYOS,44
2702,CASTILLEJA DE LA CUESTA,44
2703,CASTILLO DE LAS GUARDAS (EL),44
2704,CAZALLA DE LA SIERRA,44
2705,CONSTANTINA,44
2706,CORIA DEL RÍO,44
2707,CORIPE,44
2708,CORONIL (EL),44
2709,CORRALES (LOS),44
2710,CUERVO DE SEVILLA (EL),44
2711,DOS HERMANAS,44
2712,ÉCIJA,44
2713,ESPARTINAS,44
2714,ESTEPA,44
2715,FUENTES DE ANDALUCÍA,44
2716,GARROBO (EL),44
2717,GELVES,44
2718,GERENA,44
2719,GILENA,44
2720,GINES,44
2721,GUADALCANAL,44
2722,GUILLENA,44
2723,HERRERA,44
2724,HUÉVAR DEL ALJARAFE,44
2725,ISLA MAYOR,44
2726,LANTEJUELA (LA),44
2727,LEBRIJA,44
2728,LORA DEL RÍO,44
2729,LUISIANA (LA),44
2730,MAIRENA DEL ALCOR,44
2731,MAIRENA DEL ALJARAFE,44
2732,MARCHENA,44
2733,MARINALEDA,44
2734,MARTÍN DE LA JARA,44
2735,MOLARES (LOS),44
2736,MONTELLANO,44
2737,MORÓN DE LA FRONTERA,44
2738,NAVAS DE LA CONCEPCIÓN (LAS),44
2739,OLIVARES,44
2740,OSUNA,44
2741,PALACIOS Y VILLAFRANCA (LOS),44
2742,PALOMARES DEL RÍO,44
2743,PARADAS,44
2744,PEDRERA,44
2745,PEDROSO (EL),44
2746,PEÑAFLOR,44
2747,PILAS,44
2748,PRUNA,44
2749,PUEBLA DE CAZALLA (LA),44
2750,PUEBLA DE LOS INFANTES (LA),44
2751,PUEBLA DEL RÍO (LA),44
2752,REAL DE LA JARA (EL),44
2753,RINCONADA (LA),44
2754,RODA DE ANDALUCÍA (LA),44
2755,RUBIO (EL),44
2756,SALTERAS,44
2757,SAN JUAN DE AZNALFARACHE,44
2758,SANLÚCAR LA MAYOR,44
2759,SANTIPONCE,44
2760,SAUCEJO (EL),44
2761,SEVILLA,44
2762,TOCINA,44
2763,TOMARES,44
2764,UMBRETE,44
2765,UTRERA,44
2766,VALENCINA DE LA CONCEPCIÓN,44
2767,VILLAMANRIQUE DE LA CONDESA,44
2768,VILLANUEVA DE SAN JUAN,44
2769,VILLANUEVA DEL RÍO Y MINAS,44
2770,VILLAVERDE DEL RÍO,44
2771,VISO DEL ALCOR (EL),44
2772,ABEJAR,45
2773,ÁGREDA,45
2774,ALCUBILLA DE LAS PEÑAS,45
2775,ALMARZA,45
2776,ALMAZÁN,45
2777,ARCOS DE JALÓN,45
2778,BERLANGA DE DUERO,45
2779,BURGO DE OSMA-CIUDAD DE OSMA,45
2780,CABREJAS DEL PINAR,45
2781,CALATAÑAZOR,45
2782,COVALEDA,45
2783,GOLMAYO,45
2784,MATALEBRERAS,45
2785,MEDINACELI,45
2786,ÓLVEGA,45
2787,RÁBANOS (LOS),45
2788,SAN ESTEBAN DE GORMAZ,45
2789,SAN LEONARDO DE YAGÜE,45
2790,SAN PEDRO MANRIQUE,45
2791,SANTA MARÍA DE HUERTA,45
2792,SORIA,45
2793,ALCANAR,46
2794,ALCOVER,46
2795,ALDEA (L'),46
2796,ALFORJA,46
2797,ALTAFULLA,46
2798,AMETLLA DE MAR (L'),46
2799,AMPOLLA (L'),46
2800,AMPOSTA,46
2801,ARBOÇ (L'),46
2802,BATEA,46
2803,BELLVEI,46
2804,BENIFALLET,46
2805,BENISSANET,46
2806,BISBAL DEL PENEDÈS (LA),46
2807,BOT,46
2808,CALAFELL,46
2809,CAMARLES,46
2810,CAMBRILS,46
2811,CATLLAR (EL),46
2812,CONSTANTÍ,46
2813,CORBERA D'EBRE,46
2814,CORNUDELLA DE MONTSANT,46
2815,CUNIT,46
2816,DELTEBRE,46
2817,ESPLUGA DE FRANCOLÍ (L'),46
2818,FALSET,46
2819,FATARELLA (LA),46
2820,FLIX,46
2821,GALERA (LA),46
2822,GANDESA,46
2823,HORTA DE SANT JOAN,46
2824,LLORENÇ DEL PENEDÈS,46
2825,MAS DE BARBERANS,46
2826,MONTBLANC,46
2827,MONTBRIÓ DEL CAMP,46
2828,MONT-ROIG DEL CAMP,46
2829,MÓRA D'EBRE,46
2830,MÓRA LA NOVA,46
2831,MORELL (EL),46
2832,PERAFORT,46
2833,PERELLÓ (EL),46
2834,PLA DE SANTA MARIA (EL),46
2835,POBLA DE MAFUMET (LA),46
2836,PRADES,46
2837,RASQUERA,46
2838,REUS,46
2839,RIUDOMS,46
2840,RODA DE BARÀ,46
2841,ROQUETES,46
2842,SALOU,46
2843,SANT CARLES DE LA RÀPITA,46
2844,SANT JAUME DELS DOMENYS,46
2845,SANT JAUME D'ENVEJA,46
2846,SANTA BÀRBARA,46
2847,SANTA COLOMA DE QUERALT,46
2848,SANTA OLIVA,46
2849,SARRAL,46
2850,SELVA DEL CAMP (LA),46
2851,SÉNIA (LA),46
2852,SOLIVELLA,46
2853,TARRAGONA,46
2854,TIVISSA,46
2855,TORREDEMBARRA,46
2856,TORTOSA,46
2857,ULLDECONA,46
2858,VALLS,46
2859,VANDELLÒS I L'HOSPITALET DE L'INFANT,46
2860,VENDRELL (EL),46
2861,VILALBA DELS ARCS,46
2862,VILALLONGA DEL CAMP,46
2863,VILA-RODONA,46
2864,VILA-SECA,46
2865,VILAVERD,46
2866,VINEBRE,46
2867,VINYOLS I ELS ARCS,46
2868,XERTA,46
2869,AGUAVIVA,47
2870,ALBA,47
2871,ALBALATE DEL ARZOBISPO,47
2872,ALBARRACÍN,47
2873,ALBENTOSA,47
2874,ALCALÁ DE LA SELVA,47
2875,ALCAÑIZ,47
2876,ALCORISA,47
2877,ALFAMBRA,47
2878,ALIAGA,47
2879,ANDORRA,47
2880,BAÑÓN,47
2881,BARRACHINA,47
2882,BELLO,47
2883,BLANCAS,47
2884,CALAMOCHA,47
2885,CALANDA,47
2886,CAMARILLAS,47
2887,CAMINREAL,47
2888,CANTAVIEJA,47
2889,CASTELSERÁS,47
2890,CELADAS,47
2891,CELLA,47
2892,CODOÑERA (LA),47
2893,CRETAS,47
2894,FERRERUELA DE HUERVA,47
2895,FUENTES CALIENTES,47
2896,FUENTES CLARAS,47
2897,HÍJAR,47
2898,JARQUE DE LA VAL,47
2899,MANZANERA,47
2900,MAS DE LAS MATAS,47
2901,MAZALEÓN,47
2902,MEZQUITA DE JARQUE,47
2903,MONREAL DEL CAMPO,47
2904,MONROYO,47
2905,MONTALBÁN,47
2906,MORA DE RUBIELOS,47
2907,MUNIESA,47
2908,ODÓN,47
2909,OJOS NEGROS,47
2910,ORIHUELA DEL TREMEDAL,47
2911,ORRIOS,47
2912,PANCRUDO,47
2913,PEÑARROYA DE TASTAVINS,47
2914,PERALES DEL ALFAMBRA,47
2915,POBO (EL),47
2916,PORTELLADA (LA),47
2917,PUEBLA DE HÍJAR (LA),47
2918,PUEBLA DE VALVERDE (LA),47
2919,RUBIELOS DE MORA,47
2920,SANTA EULALIA,47
2921,SARRIÓN,47
2922,TERUEL,47
2923,TORNOS,47
2924,TORRALBA DE LOS SISONES,47
2925,TORRECILLA DE ALCAÑIZ,47
2926,TORRIJO DEL CAMPO,47
2927,UTRILLAS,47
2928,VALDEALGORFA,47
2929,VALDERROBRES,47
2930,VALJUNQUERA,47
2931,VILLAFRANCA DEL CAMPO,47
2932,VILLARQUEMADO,47
2933,VILLASTAR,47
2934,VISIEDO,47
2935,AJOFRÍN,48
2936,ALAMEDA DE LA SAGRA,48
2937,ALBARREAL DE TAJO,48
2938,ALCABÓN,48
2939,ALCAUDETE DE LA JARA,48
2940,ALCOLEA DE TAJO,48
2941,ALMONACID DE TOLEDO,48
2942,AÑOVER DE TAJO,48
2943,ARGÉS,48
2944,BARGAS,48
2945,BELVÍS DE LA JARA,48
2946,BURGUILLOS DE TOLEDO,48
2947,CABAÑAS DE LA SAGRA,48
2948,CABEZAMESADA,48
2949,CALERA Y CHOZAS,48
2950,CALZADA DE OROPESA,48
2951,CAMARENA,48
2952,CAMUÑAS,48
2953,CARMENA,48
2954,CARPIO DE TAJO (EL),48
2955,CARRANQUE,48
2956,CASAR DE ESCALONA (EL),48
2957,CASARRUBIOS DEL MONTE,48
2958,CASTILLO DE BAYUELA,48
2959,CAZALEGAS,48
2960,CEBOLLA,48
2961,CEDILLO DEL CONDADO,48
2962,CERRALBOS (LOS),48
2963,CHOZAS DE CANALES,48
2964,COBISA,48
2965,CONSUEGRA,48
2966,CORRAL DE ALMAGUER,48
2967,CUERVA,48
2968,DOSBARRIOS,48
2969,ESCALONA,48
2970,ESCALONILLA,48
2971,ESPINOSO DEL REY,48
2972,ESQUIVIAS,48
2973,FUENSALIDA,48
2974,GÁLVEZ,48
2975,GERINDOTE,48
2976,GUADAMUR,48
2977,GUARDIA (LA),48
2978,HERRERUELA DE OROPESA,48
2979,HUERTA DE VALDECARÁBANOS,48
2980,ILLESCAS,48
2981,LILLO,48
2982,MADRIDEJOS,48
2983,MALPICA DE TAJO,48
2984,MAQUEDA,48
2985,MASCARAQUE,48
2986,MAZARAMBROZ,48
2987,MENASALBAS,48
2988,MÉNTRIDA,48
2989,MIGUEL ESTEBAN,48
2990,MOCEJÓN,48
2991,MORA,48
2992,NAMBROCA,48
2993,NAVA DE RICOMALILLO (LA),48
2994,NAVAHERMOSA,48
2995,NAVALCÁN,48
2996,NAVALMORALES (LOS),48
2997,NAVALUCILLOS (LOS),48
2998,NOBLEJAS,48
2999,NUMANCIA DE LA SAGRA,48
3000,OCAÑA,48
3001,OLÍAS DEL REY,48
3002,ONTÍGOLA,48
3003,ORGAZ,48
3004,OROPESA,48
3005,OTERO,48
3006,PANTOJA,48
3007,PEPINO,48
3008,POLÁN,48
3009,PORTILLO DE TOLEDO,48
3010,PUEBLA DE ALMORADIEL (LA),48
3011,PUEBLA DE MONTALBÁN (LA),48
3012,PUEBLANUEVA (LA),48
3013,PULGAR,48
3014,QUERO,48
3015,QUINTANAR DE LA ORDEN,48
3016,REAL DE SAN VICENTE (EL),48
3017,RECAS,48
3018,ROMERAL (EL),48
3019,SAN BARTOLOMÉ DE LAS ABIERTAS,48
3020,SAN MARTÍN DE MONTALBÁN,48
3021,SAN MARTÍN DE PUSA,48
3022,SAN PABLO DE LOS MONTES,48
3023,SANTA ANA DE PUSA,48
3024,SANTA CRUZ DE LA ZARZA,48
3025,SANTA CRUZ DEL RETAMAR,48
3026,SANTA OLALLA,48
3027,SANTO DOMINGO-CAUDILLA,48
3028,SESEÑA,48
3029,SEVILLEJA DE LA JARA,48
3030,SONSECA,48
3031,TALAVERA DE LA REINA,48
3032,TEMBLEQUE,48
3033,TOBOSO (EL),48
3034,TOLEDO,48
3035,TORRE DE ESTEBAN HAMBRÁN (LA),48
3036,TORRIJOS,48
3037,TURLEQUE,48
3038,UGENA,48
3039,URDA,48
3040,VALMOJADO,48
3041,VENTAS CON PEÑA AGUILERA (LAS),48
3042,VENTAS DE RETAMOSA (LAS),48
3043,VILLA DE DON FADRIQUE (LA),48
3044,VILLACAÑAS,48
3045,VILLAFRANCA DE LOS CABALLEROS,48
3046,VILLALUENGA DE LA SAGRA,48
3047,VILLAMIEL DE TOLEDO,48
3048,VILLAMUELAS,48
3049,VILLANUEVA DE ALCARDETE,48
3050,VILLANUEVA DE BOGAS,48
3051,VILLARRUBIA DE SANTIAGO,48
3052,VILLASECA DE LA SAGRA,48
3053,VILLASEQUILLA,48
3054,VILLATOBAS,48
3055,VISO DE SAN JUAN (EL),48
3056,YÉBENES (LOS),48
3057,YELES,48
3058,YEPES,48
3059,YUNCLER,48
3060,YUNCOS,48
3061,ADEMUZ,49
3062,AGULLENT,49
3063,AIELO DE MALFERIT,49
3064,ALAQUÀS,49
3065,ALBAIDA,49
3066,ALBAL,49
3067,ALBALAT DE LA RIBERA,49
3068,ALBALAT DELS SORELLS,49
3069,ALBERIC,49
3070,ALBORACHE,49
3071,ALBORAYA,49
3072,ALBUIXECH,49
3073,ALCÀSSER,49
3074,ALCÚDIA (L'),49
3075,ALCÚDIA DE CRESPINS (L'),49
3076,ALDAIA,49
3077,ALFAFAR,49
3078,ALFARA DEL PATRIARCA,49
3079,ALGEMESÍ,49
3080,ALGIMIA DE ALFARA,49
3081,ALGINET,49
3082,ALMÀSSERA,49
3083,ALMISERÀ,49
3084,ALMOINES,49
3085,ALMUSSAFES,49
3086,ALPUENTE,49
3087,ALQUERÍA DE LA CONDESA/ALQUERIA DE LA COMTESSA (L'),49
3088,ALZIRA,49
3089,ANNA,49
3090,ARAS DE LOS OLMOS,49
3091,ATZENETA D'ALBAIDA,49
3092,AYORA,49
3093,BARXETA,49
3094,BELLREGUARD,49
3095,BENAGUASIL,49
3096,BENEIXIDA,49
3097,BENIARJÓ,49
3098,BENIFAIÓ,49
3099,BENIGÁNIM,49
3100,BENIPARRELL,49
3101,BENISANÓ,49
3102,BÉTERA,49
3103,BOCAIRENT,49
3104,BUÑOL,49
3105,BURJASSOT,49
3106,CAMPORROBLES,49
3107,CANALS,49
3108,CANET D'EN BERENGUER,49
3109,CARCAIXENT,49
3110,CARLET,49
3111,CASINOS,49
3112,CASTELLÓ DE RUGAT,49
3113,CASTIELFABIB,49
3114,CATADAU,49
3115,CATARROJA,49
3116,CAUDETE DE LAS FUENTES,49
3117,CHELLA,49
3118,CHELVA,49
3119,CHESTE,49
3120,CHIVA,49
3121,CHULILLA,49
3122,CORBERA,49
3123,CULLERA,49
3124,DAIMÚS,49
3125,ELIANA (L'),49
3126,ENGUERA,49
3127,ESTIVELLA,49
3128,FOIOS,49
3129,FONT DE LA FIGUERA (LA),49
3130,FONT D'EN CARRÒS (LA),49
3131,FONTANARS DELS ALFORINS,49
3132,FUENTERROBLES,49
3133,GANDIA,49
3134,GENOVÉS,49
3135,GODELLA,49
3136,GODELLETA,49
3137,GUADASSUAR,49
3138,JALANCE,49
3139,JARAFUEL,49
3140,LLÍRIA,49
3141,LLOCNOU DE SANT JERONI,49
3142,LLOSA DE RANES (LA),49
3143,LLUTXENT,49
3144,LORIGUILLA,49
3145,LOSA DEL OBISPO,49
3146,MANISES,49
3147,MARINES,49
3148,MASALAVÉS,49
3149,MASSALFASSAR,49
3150,MASSAMAGRELL,49
3151,MASSANASSA,49
3152,MELIANA,49
3153,MISLATA,49
3154,MOGENTE/MOIXENT,49
3155,MONCADA,49
3156,MONSERRAT,49
3157,MONTESA,49
3158,MONTROY,49
3159,MUSEROS,49
3160,NÁQUERA,49
3161,NAVARRÉS,49
3162,NOVELÉ/NOVETLÈ,49
3163,OLIVA,49
3164,OLLERIA (L'),49
3165,OLOCAU,49
3166,ONTINYENT,49
3167,OTOS,49
3168,PAIPORTA,49
3169,PALMA DE GANDÍA,49
3170,PATERNA,49
3171,PICANYA,49
3172,PICASSENT,49
3173,POBLA DE FARNALS (LA),49
3174,POBLA DE VALLBONA (LA),49
3175,POBLA DEL DUC (LA),49
3176,POBLA LLARGA (LA),49
3177,POLINYÀ DE XÚQUER,49
3178,PUÇOL,49
3179,PUIG,49
3180,QUART DE POBLET,49
3181,QUARTELL,49
3182,QUATRETONDA,49
3183,RAFELBUÑOL/RAFELBUNYOL,49
3184,REAL DE GANDÍA,49
3185,REQUENA,49
3186,RIBA-ROJA DE TÚRIA,49
3187,ROCAFORT,49
3188,SAGUNTO/SAGUNT,49
3189,SAN ANTONIO DE BENAGÉBER,49
3190,SEDAVÍ,49
3191,SIETE AGUAS,49
3192,SILLA,49
3193,SIMAT DE LA VALLDIGNA,49
3194,SINARCAS,49
3195,SOLLANA,49
3196,SUECA,49
3197,TAVERNES DE LA VALLDIGNA,49
3198,TITAGUAS,49
3199,TORRENT,49
3200,TURÍS,49
3201,UTIEL,49
3202,VALENCIA,49
3203,VALLADA,49
3204,VILAMARXANT,49
3205,VILLALONGA,49
3206,VILLANUEVA DE CASTELLÓN,49
3207,VILLAR DEL ARZOBISPO,49
3208,VILLARGORDO DEL CABRIEL,49
3209,VINALESA,49
3210,XÀTIVA,49
3211,XERACO,49
3212,XIRIVELLA,49
3213,YÁTOVA,49
3214,ALAEJOS,50
3215,ALCAZARÉN,50
3216,ALDEAMAYOR DE SAN MARTÍN,50
3217,ARROYO DE LA ENCOMIENDA,50
3218,ATAQUINES,50
3219,BECILLA DE VALDERADUEY,50
3220,BOBADILLA DEL CAMPO,50
3221,BOECILLO,50
3222,CABEZÓN DE PISUERGA,50
3223,CAMPASPERO,50
3224,CANALEJAS DE PEÑAFIEL,50
3225,CASASOLA DE ARIÓN,50
3226,CASTREJÓN DE TRABANCOS,50
3227,CASTRONUÑO,50
3228,CASTROVERDE DE CERRATO,50
3229,CIGALES,50
3230,CISTÉRNIGA,50
3231,COGECES DEL MONTE,50
3232,CUBILLAS DE SANTA MARTA,50
3233,ESGUEVILLAS DE ESGUEVA,50
3234,ÍSCAR,50
3235,LAGUNA DE DUERO,50
3236,LANGAYO,50
3237,MAYORGA,50
3238,MEDINA DE RIOSECO,50
3239,MEDINA DEL CAMPO,50
3240,MOJADOS,50
3241,MOTA DEL MARQUÉS,50
3242,MUDARRA (LA),50
3243,NAVA DEL REY,50
3244,OLMEDO,50
3245,PEDRAJA DE PORTILLO (LA),50
3246,PEDRAJAS DE SAN ESTEBAN,50
3247,PEDROSA DEL REY,50
3248,PEÑAFIEL,50
3249,PORTILLO,50
3250,QUINTANILLA DE ONÉSIMO,50
3251,RENEDO DE ESGUEVA,50
3252,RUEDA,50
3253,SAN MIGUEL DEL ARROYO,50
3254,SAN MIGUEL DEL PINO,50
3255,SAN PEDRO DE LATARCE,50
3256,SAN VICENTE DEL PALACIO,50
3257,SANTOVENIA DE PISUERGA,50
3258,SARDÓN DE DUERO,50
3259,SERRADA,50
3260,SIETE IGLESIAS DE TRABANCOS,50
3261,SIMANCAS,50
3262,TORDEHUMOS,50
3263,TORDESILLAS,50
3264,TUDELA DE DUERO,50
3265,VALLADOLID,50
3266,VEGA DE VALDETRONCO,50
3267,VILLALÓN DE CAMPOS,50
3268,VILLANUBLA,50
3269,VILLANUEVA DE LOS CABALLEROS,50
3270,VILLARDEFRADES,50
3271,ZARATÁN,50
3272,ALCAÑICES,51
3273,ALMEIDA DE SAYAGO,51
3274,ARCENILLAS,51
3275,BENAVENTE,51
3276,BERMILLO DE SAYAGO,51
3277,BÓVEDA DE TORO (LA),51
3278,CAMARZANA DE TERA,51
3279,CAÑIZAL,51
3280,CARBAJALES DE ALBA,51
3281,CASASECA DE LAS CHANAS,51
3282,CASTRILLO DE LA GUAREÑA,51
3283,CASTROGONZALO,51
3284,COBREROS,51
3285,CORRALES,51
3286,CUBO DE TIERRA DEL VINO (EL),51
3287,FERMOSELLE,51
3288,FUENTESAÚCO,51
3289,GAMONES,51
3290,GRANJA DE MORERUELA,51
3291,LUBIÁN,51
3292,MICERECES DE TERA,51
3293,MOMBUEY,51
3294,MONFARRACINOS,51
3295,MONTAMARTA,51
3296,MORALEJA DEL VINO,51
3297,MORALES DE TORO,51
3298,MORALES DEL VINO,51
3299,MUELAS DEL PAN,51
3300,OTERO DE BODAS,51
3301,PERERUELA,51
3302,QUINTANILLA DE URZ,51
3303,QUIRUELAS DE VIDRIALES,51
3304,RÁBANO DE ALISTE,51
3305,ROBLEDA-CERVANTES,51
3306,SAN CRISTÓBAL DE ENTREVIÑAS,51
3307,SAN ESTEBAN DEL MOLAR,51
3308,SAN VITERO,51
3309,SANTA MARÍA DE LA VEGA,51
3310,SANTOVENIA,51
3311,SANZOLES,51
3312,TORO,51
3313,TORRE DEL VALLE (LA),51
3314,TRABAZOS,51
3315,VILLABRÁZARO,51
3316,VILLAFÁFILA,51
3317,VILLALPANDO,51
3318,VILLANUEVA DEL CAMPO,51
3319,VILLARRÍN DE CAMPOS,51
3320,ZAMORA,51
3321,AGÓN,52
3322,AGUARÓN,52
3323,AINZÓN,52
3324,ALAGÓN,52
3325,ALFAJARÍN,52
3326,ALFAMÉN,52
3327,ALMOLDA (LA),52
3328,ALMUNIA DE DOÑA GODINA (LA),52
3329,AMBEL,52
3330,ARIZA,52
3331,ATECA,52
3332,AZUARA,52
3333,BELCHITE,52
3334,BIOTA,52
3335,BORJA,52
3336,BREA DE ARAGÓN,52
3337,BUJARALOZ,52
3338,BURGO DE EBRO (EL),52
3339,BUSTE (EL),52
3340,CADRETE,52
3341,CALATAYUD,52
3342,CALATORAO,52
3343,CARIÑENA,52
3344,CASPE,52
3345,CASTEJÓN DE VALDEJASA,52
3346,CASTILISCAR,52
3347,CERVERA DE LA CAÑADA,52
3348,CETINA,52
3349,CUARTE DE HUERVA,52
3350,CUBEL,52
3351,DAROCA,52
3352,EJEA DE LOS CABALLEROS,52
3353,ÉPILA,52
3354,ERLA,52
3355,ESCATRÓN,52
3356,FABARA,52
3357,FARLETE,52
3358,FAYÓN,52
3359,FRASNO (EL),52
3360,FUENDEJALÓN,52
3361,FUENTES DE EBRO,52
3362,GALLOCANTA,52
3363,GALLUR,52
3364,GELSA,52
3365,HERRERA DE LOS NAVARROS,52
3366,ILLUECA,52
3367,JOYOSA (LA),52
3368,LANGA DEL CASTILLO,52
3369,LÉCERA,52
3370,LECIÑENA,52
3371,LUESIA,52
3372,LUMPIAQUE,52
3373,LUNA,52
3374,MAELLA,52
3375,MAGALLÓN,52
3376,MAINAR,52
3377,MALLÉN,52
3378,MARÍA DE HUERVA,52
3379,MONEGRILLO,52
3380,MONREAL DE ARIZA,52
3381,MUEL,52
3382,MUELA (LA),52
3383,MUNÉBREGA,52
3384,NONASPE,52
3385,NOVALLAS,52
3386,PEDROLA,52
3387,PERDIGUERA,52
3388,PINA DE EBRO,52
3389,PINSEQUE,52
3390,POZUELO DE ARAGÓN,52
3391,PUEBLA DE ALFINDÉN (LA),52
3392,QUINTO,52
3393,REMOLINOS,52
3394,RICLA,52
3395,SABIÑÁN,52
3396,SÁDABA,52
3397,SAN MATEO DE GÁLLEGO,52
3398,SÁSTAGO,52
3399,SIERRA DE LUNA,52
3400,SOBRADIEL,52
3401,SOS DEL REY CATÓLICO,52
3402,TABUENCA,52
3403,TARAZONA,52
3404,TAUSTE,52
3405,URREA DE JALÓN,52
3406,USED,52
3407,UTEBO,52
3408,VALPALMAS,52
3409,VELILLA DE EBRO,52
3410,VILLADOZ,52
3411,VILLAMAYOR DE GÁLLEGO,52
3412,VILLANUEVA DE GÁLLEGO,52
3413,VILLANUEVA DE HUERVA,52
3414,VILLARREAL DE HUERVA,52
3415,VILLARROYA DE LA SIERRA,52
3416,ZARAGOZA,52
3417,ZUERA,52
3418,ONDARROA,10
3419,FISTERRA,19
3420,GETARIA,21
3421,SELVA DE MAR (LA),22
